sp|P00974|BPT1_BOVIN	93.103	58
sp|P00975|IBPS_BOVIN	84.483	58
sp|P04815|BPT2_BOVIN	81.034	58
sp|Q29100|UPTI_PIG	64.815	54
sp|Q28201|TKDP1_BOVIN	54.545	55
sp|Q29428|TKDP1_SHEEP	52.727	55
sp|O62845|ELAC_NOTEU	51.852	54
sp|P00993|IBP_CARCR	49.057	53
sp|P00976|IBPC_BOVIN	46.296	54
sp|P0DMW6|VKT3A_ACTEQ	52.830	53
sp|Q2ES47|VKT4_DABRR	49.123	57
sp|B7S4N9|VKT_OXYSC	46.552	58
sp|Q2ES46|VKT5_DABRR	46.552	58
sp|P0DMW7|VKT3B_ACTEQ	50.943	53
sp|Q29143|ELAC_TRIVU	50.000	54
sp|B6RLX2|VKTCT_OPHHA	49.123	57
sp|P0DJ50|VKT31_OLIMR	54.902	51
sp|A0A6P8HC43|ATPI1_ACTTE	54.717	53
sp|A0A6P8HC43|ATPI1_ACTTE	52.830	53
sp|A0A6P8HC43|ATPI1_ACTTE	50.943	53
sp|A0A6P8HC43|ATPI1_ACTTE	41.071	56
sp|F8J2F5|VKT87_DRYCN	46.429	56
sp|B5L5M7|IVBI_AUSSU	45.614	57
sp|P00994|ISIK_HELPO	45.455	55
sp|P0DMX0|VKT3_ANTAF	49.057	53
sp|P0DN09|VKT5_ANEVI	48.077	52
sp|A8Y7N9|VKTC6_DABSI	44.828	58
sp|P82966|VKTCI_OPHHA	45.614	57
sp|A6MFL1|VKT1_DEMVE	43.860	57
sp|P00991|VKT1_VIPAA	41.379	58
sp|A8Y7P6|VKTB6_DABSI	43.860	57
sp|B5KL37|VKT6_CRYNI	43.636	55
sp|Q2ES50|VKT1_DABRR	43.860	57
sp|A8Y7P0|VKTB7_DABSI	43.860	57
sp|A8Y7P2|VKTB2_DABSI	43.860	57
sp|C1IC50|VKT1_WALAE	45.614	57
sp|Q9TWG0|VKT1_ANESU	48.077	52
sp|P00990|VKT2_DABSI	43.860	57
sp|P81547|VKT1_ANTAF	47.059	51
sp|O43291|SPIT2_HUMAN	48.148	54
sp|O43291|SPIT2_HUMAN	33.962	53
sp|A7X3V4|VKT1_TELDH	43.636	55
sp|P0DN06|VKT1A_ANEVI	48.077	52
sp|Q6T6T5|VKT1_BITGA	43.636	55
sp|P0DQQ9|VKT1_PALCA	45.098	51
sp|A8Y7N5|VKTC2_DABSI	45.614	57
sp|Q90WA0|VKT2_PSETT	42.105	57
sp|Q90W98|VKT4_PSETT	43.636	55
sp|Q90WA1|VKT1_PSETT	43.860	57
sp|C1IC52|VKT2_WALAE	45.614	57
sp|P0DN12|VKT8_ANEVI	48.077	52
sp|A6MGX9|VKT5_DEMVE	43.860	57
sp|B5KL36|VKT5_CRYNI	42.105	57
sp|A6MFL2|VKT2_DEMVE	43.860	57
sp|P00985|VKT2_HEMHA	47.368	57
sp|Q9TWF9|VKT2_ANESU	48.077	52
sp|B5KF95|VKT1_CRYNI	42.105	57
sp|H6VC06|VKTK2_DABRR	43.860	57
sp|Q90W99|VKT3_PSETT	43.860	57
sp|A6MFL4|VKT4_DEMVE	42.105	57
sp|P16044|IBPI_TACTR	47.170	53
sp|P10280|VKT52_ANESU	46.154	52
sp|P00986|VKT2_NAJNI	47.368	57
sp|B2BS84|VKT_AUSLA	47.458	59
sp|B2BS84|VKT_AUSLA	38.182	55
sp|P19761|TFPI1_RABIT	49.091	55
sp|P19761|TFPI1_RABIT	46.296	54
sp|P19761|TFPI1_RABIT	41.509	53
sp|P0DN11|VKT7_ANEVI	46.154	52
sp|D5J9Q8|VKT5_BUNFL	42.105	57
sp|Q6ITC0|VKT2_PSEAU	40.351	57
sp|B5KF96|VKT2_CRYNI	42.105	57
sp|P0DN08|VKT53_ANEVI	46.154	52
sp|Q28864|TFPI1_MACMU	47.273	55
sp|Q28864|TFPI1_MACMU	46.296	54
sp|Q28864|TFPI1_MACMU	40.385	52
sp|C0HLB2|VKT_PSEPC	43.636	55
sp|P0DN10|VKT6_ANEVI	46.154	52
sp|E5AJX3|VKT_VIPNI	41.818	55
sp|F8J2F4|VKT16_DRYCN	40.351	57
sp|C1IC51|VKT3_WALAE	45.614	57
sp|Q8T3S7|VKT1_ARAVE	45.283	53
sp|Q8WPI3|KUNIG_RHIMP	44.643	56
sp|Q8WPI3|KUNIG_RHIMP	46.667	45
sp|B5KL40|VKT3_AUSSU	40.351	57
sp|Q08E66|WFKN2_BOVIN	48.077	52
sp|Q08E66|WFKN2_BOVIN	37.255	51
sp|A6MGY1|VKT7_DEMVE	40.351	57
sp|A8Y7P4|VKTB4_DABSI	42.105	57
sp|P0DMJ4|VKTI3_ANTFU	44.444	54
sp|Q9BDL1|EPPI_MACMU	45.455	55
sp|P0DMJ3|VKTI1_ANTFU	44.444	54
sp|P25660|VKT9_BUNFA	47.273	55
sp|P0DMJ2|VKT3C_ACTEQ	47.059	51
sp|O54819|TFPI1_MOUSE	45.455	55
sp|O54819|TFPI1_MOUSE	43.636	55
sp|O54819|TFPI1_MOUSE	40.385	52
sp|Q02445|TFPI1_RAT	45.455	55
sp|Q02445|TFPI1_RAT	44.444	54
sp|Q02445|TFPI1_RAT	40.385	52
sp|A8Y7P3|VKTB3_DABSI	42.105	57
sp|H2A0M2|KCP1_PINMG	46.552	58
sp|B5L5R7|VKT2_HOPST	40.351	57
sp|Q6T6S5|VKT2_BITGA	41.818	55
sp|Q8AY42|VKTB_BUNCA	46.429	56
sp|B5KL35|VKT4_CRYNI	40.351	57
sp|F8J2F3|VKT28_DRYCN	42.105	57
sp|Q9TWF8|VKT3_ANESU	46.154	52
sp|Q6ITB9|VKT3_PSEAU	42.105	57
sp|P0DN13|VKT9_ANEVI	48.077	52
sp|P0DN14|VKTA_ANEVI	44.231	52
sp|A8Y7N4|VKTC1_DABSI	42.857	56
sp|H6VC05|VKTK1_DABRR	42.857	56
sp|P0DN07|VKT4_ANEVI	46.154	52
sp|Q6ITB7|VKT1_OXYSC	42.105	57
sp|B5L5R4|IVBI4_NOTSC	42.105	57
sp|Q6ITB1|VKT_PSEPO	43.860	57
sp|Q6ITB0|VKT1_TROCA	43.860	57
sp|A8Y7N8|VKTC5_DABSI	42.857	56
sp|B5L5R0|IVBI4_PSEPO	43.860	57
sp|B5G6G6|VKT2_PSEPO	43.860	57
sp|A8Y7P1|VKTB1_DABSI	40.351	57
sp|Q9WU03|SPIT2_MOUSE	52.083	48
sp|Q9WU03|SPIT2_MOUSE	36.364	55
sp|Q7TQN3|WFKN2_MOUSE	49.020	51
sp|Q7TQN3|WFKN2_MOUSE	35.294	51
sp|Q6ITB6|VKT2_OXYSC	42.105	57
sp|Q6ITB4|VKT2_OXYMI	42.105	57
sp|P00992|VKT3_VIPAA	41.818	55
sp|Q8WPI2|KUNIH_RHIMP	42.857	56
sp|Q8WPI2|KUNIH_RHIMP	46.667	45
sp|P0DN17|VKTD_ANEVI	46.154	52
sp|P05067|A4_HUMAN	46.809	47
sp|B6ZIW0|KUN_HAELO	41.071	56
sp|B6ZIW0|KUN_HAELO	41.176	51
sp|P10646|TFPI1_HUMAN	45.455	55
sp|P10646|TFPI1_HUMAN	46.296	54
sp|P10646|TFPI1_HUMAN	38.462	52
sp|B4ESA3|VKT2L_BUNMU	45.614	57
sp|P84875|PCPI_SABMA	40.000	55
sp|P84875|PCPI_SABMA	40.385	52
sp|P84875|PCPI_SABMA	33.333	51
sp|Q8AY43|VKTA_BUNCA	47.273	55
sp|B5KF94|VKT1_HOPST	45.614	57
sp|P0DN18|VKTE_ANEVI	46.154	52
sp|B5L5R1|IVBI5_PSEPO	38.596	57
sp|A6MFL3|VKT3_DEMVE	40.000	55
sp|B2KTG1|VKT_BUNFA	40.741	54
sp|Q9GP15|IRCPI_IXORI	43.636	55
sp|I2G9B4|VKT_MACLN	41.818	55
sp|B5KL38|VKT1_AUSSU	38.596	57
sp|H2A0N9|KCP4_PINMG	50.980	51
sp|O95925|EPPI_HUMAN	41.818	55
sp|B5L5R6|IVBI3_HOPST	47.368	57
sp|P26228|SBPI_SARBU	43.137	51
sp|B5KL32|VKT3_NOTSC	40.351	57
sp|Q5ZPJ7|VKT_NAJAT	42.105	57
sp|P20229|VKTTI_NAJNA	42.105	57
sp|C0HLA7|MAMB4_DENVI	42.105	57
sp|C0HMC7|KUN_HAEDO	41.818	55
sp|C0HMC7|KUN_HAEDO	41.176	51
sp|E7FL13|VKT3_PSERS	39.286	56
sp|P86862|VKT1_ANTEL	43.636	55
sp|C0HLA5|MAMB2_DENVI	42.105	57
sp|P86959|KCP1_PINMA	44.828	58
sp|A8Y7N6|VKTC3_DABSI	40.351	57
sp|B5KL34|VKT3_CRYNI	40.351	57
sp|Q95241|A4_SAISC	46.667	45
sp|Q5IS80|A4_PANTR	46.667	45
sp|P79307|A4_PIG	46.667	45
sp|P53601|A4_MACFA	46.667	45
sp|P08592|A4_RAT	46.667	45
sp|C0HLA9|MAMB6_DENVI	42.105	57
sp|P0C8W3|VKT11_HOFGE	39.623	53
sp|P24541|VKT_ERIMA	42.308	52
sp|A8Y7P5|VKTB5_DABSI	37.931	58
sp|Q6ITB5|VKT1_OXYMI	40.351	57
sp|P0DKL8|VKT_VIPRE	41.818	55
sp|P0DN15|VKTB_ANEVI	47.170	53
sp|P0DJ46|VKT21_LYCMC	45.098	51
sp|C0HJU6|VKT2F_RADCR	38.462	52
sp|Q8AY41|VKTC_BUNCA	43.860	57
sp|C0HK73|3BPI_HETMG	39.623	53
sp|P12023|A4_MOUSE	46.667	45
sp|B5KL39|VKT2_AUSSU	40.351	57
sp|P81548|VKT2_ANTAF	43.396	53
sp|W4VSH9|VKT1_TRILK	41.509	53
sp|W4VSH9|VKT1_TRILK	38.889	54
sp|Q5VJG2|KUNI_AMBHE	44.444	54
sp|Q5VJG2|KUNI_AMBHE	35.185	54
sp|P0DJ45|VKT22_LYCMC	45.098	51
sp|D4A2Z2|EPPI_RAT	43.636	55
sp|B5KL33|VKT2_TROCA	38.596	57
sp|B5L5Q8|VKT5_PSEAU	38.596	57
sp|D8KY58|VKT_BOMTE	40.741	54
sp|Q2ES48|VKT3_DABRR	40.351	57
sp|Q6ITB3|VKT1_NOTSC	38.596	57
sp|B5KL41|VKT4_AUSSU	39.286	56
sp|Q60495|A4_CAVPO	44.444	45
sp|Q06481|APLP2_HUMAN	39.216	51
sp|P15943|APLP2_RAT	39.216	51
sp|A8Y7N7|VKTC4_DABSI	40.000	55
sp|P0DJ47|VKT12_OLIMR	41.176	51
sp|O93279|A4_TAKRU	40.741	54
sp|C0HLA6|MAMB3_DENPO	40.351	57
sp|A5X2X1|VKT_SISCA	42.593	54
sp|E7FL12|VKT2_PSERS	38.596	57
sp|B5KL30|VKT4_OXYSC	40.000	55
sp|B1B5I8|VKT3_STIHA	44.444	54
sp|C0HLA8|MAMB5_DENJA	40.351	57
sp|A0A1Z0YU59|MAMB1_DENAN	40.351	57
sp|P0DJ48|VKT23_LYCMC	45.098	51
sp|Q8TEU8|WFKN2_HUMAN	47.059	51
sp|Q8TEU8|WFKN2_HUMAN	35.294	51
sp|P0DQR0|VKT2_PALCA	47.059	51
sp|B4ESA4|VKT3L_BUNMU	45.455	55
sp|C0HJF3|VKT2D_RADCR	39.623	53
sp|Q7YRQ8|TFPI2_BOVIN	45.283	53
sp|Q7YRQ8|TFPI2_BOVIN	42.593	54
sp|Q7YRQ8|TFPI2_BOVIN	32.432	37
sp|C8YJ94|KUN2_TABYA	40.385	52
sp|P19859|VKTCI_NAJNA	40.000	55
sp|P0DN16|VKTC_ANEVI	47.170	53
sp|A7X3V7|VKT1_PHIOL	45.098	51
sp|Q7LZS8|VKTRE_DENAN	43.636	55
sp|P0DMJ6|VKT12_DENAN	43.636	55
sp|C0HK74|3CPI_HETMG	37.736	53
sp|P81902|CSTI_BOMMO	41.818	55
sp|P0DMJ5|VKT2E_RADCR	37.736	53
sp|P0DV03|VKT2M_RADCR	37.736	53
sp|O43278|SPIT1_HUMAN	37.500	56
sp|O43278|SPIT1_HUMAN	39.623	53
sp|F8J2F6|VKT18_DRYCN	42.105	57
sp|Q964Q0|IXOSP_IXOSC	42.105	57
sp|B2G331|VKT2B_RADCR	37.736	53
sp|Q9R097|SPIT1_MOUSE	40.741	54
sp|Q9R097|SPIT1_MOUSE	35.849	53
sp|C1IC53|VKT4_WALAE	38.889	54
sp|F6ULY1|WFC6B_MOUSE	43.396	53
sp|P02760|AMBP_HUMAN	43.636	55
sp|P02760|AMBP_HUMAN	40.385	52
sp|O76840|PPN1_CAEEL	38.182	55
sp|O76840|PPN1_CAEEL	41.509	53
sp|O76840|PPN1_CAEEL	37.736	53
sp|O76840|PPN1_CAEEL	39.623	53
sp|O76840|PPN1_CAEEL	37.736	53
sp|O76840|PPN1_CAEEL	32.692	52
sp|O76840|PPN1_CAEEL	32.692	52
sp|O76840|PPN1_CAEEL	31.373	51
sp|O76840|PPN1_CAEEL	31.746	63
sp|O76840|PPN1_CAEEL	37.838	37
sp|O76840|PPN1_CAEEL	34.091	44
sp|Q3UW55|WFC6A_MOUSE	41.818	55
sp|P0DV06|VKT2P_RADCR	37.736	53
sp|Q7LZE3|VKTHE_DENAN	41.818	55
sp|P00984|VKTE_DENPO	41.818	55
sp|P49223|SPIT3_HUMAN	38.889	54
sp|C0HJF4|VKT2C_RADCR	37.736	53
sp|P00978|AMBP_BOVIN	43.636	55
sp|P00978|AMBP_BOVIN	38.462	52
sp|Q6ITC1|VKTH1_PSEAU	40.351	57
sp|C8YJ95|KUN3_TABYA	36.538	52
sp|Q9DA01|EPPI_MOUSE	38.182	55
sp|B5KL31|VKT3_PSEPO	40.351	57
sp|C1IBY4|KUN1_TABYA	36.538	52
sp|Q60559|AMBP_MESAU	41.818	55
sp|Q60559|AMBP_MESAU	38.462	52
sp|G3LH89|VKT_BOMIG	37.037	54
sp|E7FL11|VKT1_PSERS	40.351	57
sp|O35536|TFPI2_MOUSE	38.889	54
sp|O35536|TFPI2_MOUSE	41.818	55
sp|Q6ITB2|VKT2_NOTSC	35.088	57
sp|P48307|TFPI2_HUMAN	44.000	50
sp|P48307|TFPI2_HUMAN	41.509	53
sp|P48307|TFPI2_HUMAN	29.310	58
sp|P12111|CO6A3_HUMAN	35.185	54
sp|B5L5Q1|VKT7_PSETT	40.000	55
sp|Q07456|AMBP_MOUSE	43.636	55
sp|Q07456|AMBP_MOUSE	40.385	52
sp|A0A1D0BND9|TD1A_HADIN	55.556	36
sp|A0A1D0BND9|TD1A_HADIN	34.545	55
sp|Q9EPX2|PPN_MOUSE	41.071	56
sp|O95428|PPN_HUMAN	38.596	57
sp|Q868Z9|PPN_DROME	39.623	53
sp|Q868Z9|PPN_DROME	41.509	53
sp|Q868Z9|PPN_DROME	42.553	47
sp|Q868Z9|PPN_DROME	34.545	55
sp|Q868Z9|PPN_DROME	37.500	56
sp|Q868Z9|PPN_DROME	31.373	51
sp|Q868Z9|PPN_DROME	37.255	51
sp|Q868Z9|PPN_DROME	33.962	53
sp|Q868Z9|PPN_DROME	34.545	55
sp|Q868Z9|PPN_DROME	33.962	53
sp|Q868Z9|PPN_DROME	35.294	51
sp|Q868Z9|PPN_DROME	30.189	53
sp|Q90W96|VKT6_PSETT	36.842	57
sp|Q62577|AMBP_MERUN	41.818	55
sp|Q62577|AMBP_MERUN	40.385	52
sp|Q6ITB8|VKT4_PSEAU	38.596	57
sp|Q03610|YN81_CAEEL	41.818	55
sp|Q03610|YN81_CAEEL	35.185	54
sp|Q03610|YN81_CAEEL	43.243	37
sp|Q03610|YN81_CAEEL	34.211	38
sp|Q03610|YN81_CAEEL	33.929	56
sp|G9I929|VKTA_MICTN	37.931	58
sp|P0DQR1|VKT3_PALCA	39.216	51
sp|P0DL86|VKT2H_RADCR	36.538	52
sp|Q589G4|VKT19_ANOSM	37.736	53
sp|P00982|VKTHD_DENAN	40.000	55
sp|P15989|CO6A3_CHICK	33.962	53
sp|D2Y488|VKT1A_CONCL	41.818	55
sp|P0DJ49|VKT24_OLIMR	35.294	51
sp|Q64240|AMBP_RAT	40.000	55
sp|Q64240|AMBP_RAT	38.462	52
sp|B5KL29|VKT3_OXYSC	35.088	57
sp|P82968|MCPI_MELCP	39.623	53
sp|Q90W97|VKT5_PSETT	38.182	55
sp|B2ZBB6|VKT11_CYRSC	37.931	58
sp|P81162|CRPTI_RHIMP	31.481	54
sp|B5KL27|VKT3_OXYMI	35.088	57
sp|F5GTK6|VKGUA_SIMGU	38.889	54
sp|B2KTG2|VKTH1_BUNFA	43.137	51
sp|C8YJ97|KUN5_TABYA	34.615	52
sp|P0C5J5|WFKN1_RAT	37.736	53
sp|Q63870|CO7A1_MOUSE	40.000	55
sp|B5M0W4|SV66_SIMVI	36.364	55
sp|Q96NZ8|WFKN1_HUMAN	41.509	53
sp|Q96NZ8|WFKN1_HUMAN	27.273	44
sp|Q9D263|SPIT4_MOUSE	43.396	53
sp|P00980|VKTHA_DENAN	36.842	57
sp|Q8T0W4|VKT2_PIMHY	39.623	53
sp|Q1RPS9|VKTH5_BUNMU	35.088	57
sp|Q7T2Q6|VKTHB_BUNFL	36.364	55
sp|P00983|MAMB7_DENPO	41.818	55
sp|B5KL28|VKT4_OXYMI	36.364	55
sp|Q2UY09|COSA1_HUMAN	33.333	51
sp|P00979|VKTH1_DENPO	35.849	53
sp|P68425|VKT1A_CYRSC	36.207	58
sp|H2A0N5|KCP3_PINMG	39.216	51
sp|H2A0N5|KCP3_PINMG	46.154	39
sp|Q6NUX0|WFKN_DANRE	37.255	51
sp|Q6NUX0|WFKN_DANRE	33.333	54
sp|C0HK72|3API_HETMG	44.231	52
sp|C0HJU7|VKT2G_RADCR	44.231	52
sp|P86964|KCP3_PINMA	39.216	51
sp|P86964|KCP3_PINMA	43.590	39
sp|Q02388|CO7A1_HUMAN	39.286	56
sp|P10832|ISC2_BOMMO	40.000	45
sp|Q4KUS1|WFDC8_MOUSE	33.333	51
sp|P0CY85|VKTB1_CONBU	34.545	55
sp|P0DV05|VKT2O_RADCR	41.509	53
sp|C0LNR2|VKT_VESBI	37.500	56
sp|B2KTG3|VKTH2_BUNFA	39.216	51
sp|Q1RPS8|VKTH6_BUNMU	33.962	53
sp|P0DJ76|VKT4_CYRSC	34.483	58
sp|C8YJ96|KUN4_TABYA	33.333	51
sp|P10831|ISC1_BOMMO	40.000	45
sp|P16344|VKT2A_RADCR	32.075	53
sp|Q8R0S6|WFKN1_MOUSE	35.849	53
sp|Q2UY11|COSA1_MOUSE	31.373	51
sp|I6VXS1|KUN2_RHIHE	39.216	51
sp|P81658|VKTHC_DENAN	28.571	56
sp|B5L5Q6|VKT5_OXYMI	35.294	51
sp|P11424|IMAP_DROFU	38.298	47
sp|O73683|A4_DICFU	35.849	53
sp|P0DJ82|VKT27_CYRSC	34.483	58
sp|H2A0P0|KCP5_PINMG	37.736	53
sp|H2A0P0|KCP5_PINMG	37.838	37
sp|P07481|ISC3_BOMMO	35.556	45
sp|Q6UDR6|SPIT4_HUMAN	48.571	35
sp|P81129|VKT2_STIHL	39.623	53
sp|D2Y2Q5|VKTN1_CYRHA	34.483	58
sp|Q2ES49|VKT2_DABRR	35.714	56
sp|D2Y2Q9|VKTR1_CYRHA	34.483	58
sp|M9PE65|AXO_DROME	30.909	55
sp|D2Y2G1|VKTJ1_CYRHA	34.483	58
sp|P0DJ84|VKT40_CYRSC	34.483	58
sp|P0C1X2|VKTS1_CONST	36.364	55
sp|Q8AY45|VKBH2_BUNCA	37.255	51
sp|D2Y2Q2|VKTM1_CYRHA	34.483	58
sp|Q1RPT0|VKTH4_BUNMU	37.255	51
sp|P00989|VKTH2_BUNMU	37.255	51
sp|B4ESA2|VKT1L_BUNMU	35.294	51
sp|Q0PL65|VKTH7_BUNMU	34.545	55
sp|D2Y2Q7|VKTP1_CYRHA	34.545	55
sp|D2Y2Q8|VKTQ1_CYRHA	34.483	58
sp|P0DV04|VKT2N_RADCR	37.736	53
sp|Q8AY44|VKTH7_BUNCA	36.000	50
sp|Q75S50|VKTH3_BUNCA	36.000	50
sp|D2Y2Q1|VKTL1_CYRHA	34.483	58
sp|P0DMJ1|VKT39_CYRSC	31.034	58
sp|B5L5Q3|IVBS5_OXYSC	33.333	51
sp|B2ZBC0|VKTG9_CYRSC	31.034	58
sp|Q8MVC4|TFPIL_IXOSC	37.037	54
sp|Q8MVC4|TFPIL_IXOSC	31.818	44
sp|H2A0N1|KCP2_PINMG	38.000	50
sp|H2A0N1|KCP2_PINMG	39.216	51
sp|D2Y2Q6|VKTO1_CYRHA	32.759	58
sp|Q9W728|VKTH3_BUNMU	34.043	47
sp|Q9BQY6|WFDC6_HUMAN	43.333	30
sp|C0HLB0|MAMB9_DENVI	36.364	55
sp|D2Y2F8|VKTG1_CYRHA	31.034	58
sp|A0A6B7FBD3|VKT2I_RADCR	35.849	53
sp|Q8AY46|VKTHB_BUNCA	31.915	47
sp|P86963|KCP2_PINMA	26.786	56
sp|P31713|VKT1_STIHL	33.962	53
sp|P00987|VKTH1_BUNMU	31.915	47
sp|P0DJ80|VKT22_CYRSC	29.310	58
sp|P0DJ78|VKT6_CYRSC	29.310	58
sp|P0DJ75|VKT2_CYRSC	29.310	58
sp|B2ZBB8|VKT33_CYRSC	29.310	58
sp|Q7Z1K3|ANIS1_ANISI	29.730	37
sp|P0DJ85|VKT45_CYRSC	29.091	55
sp|P0DJ71|VKT35_CYRHA	29.310	58
sp|D2Y2F5|VKT4_CYRHA	29.310	58
sp|P0DJ70|VKT53_CYRHA	29.310	58
sp|D2Y2C2|VKTA1_CYRHA	29.310	58
sp|D9IFL3|KUN1_RHIHE	32.143	56
sp|D2Y2G0|VKTI1_CYRHA	35.593	59
sp|P0DJ72|VKT68_CYRHA	29.310	58
sp|D2Y2F6|VKTE1_CYRHA	29.310	58
sp|P0DJ65|VKT7_CYRHA	29.310	58
sp|D2Y2F9|VKTH1_CYRHA	29.310	58
sp|Q11101|YL15_CAEEL	35.897	39
sp|P0DJ67|VKT34_CYRHA	29.310	58
sp|D2Y2F4|VKTC1_CYRHA	29.310	58
sp|P0DJ64|VKT31_CYRHA	29.310	58
sp|D2Y2F3|VKT2_CYRHA	29.310	58
sp|B2ZBB9|VKTG6_CYRSC	29.310	58
sp|Q8IUA0|WFDC8_HUMAN	31.373	51
sp|P0DJ68|VKT45_CYRHA	31.667	60
sp|D2Y2G2|VKTK1_CYRHA	31.667	60
sp|P0DJ81|VKT24_CYRSC	32.759	58
sp|P0DJ73|VKT74_CYRHA	27.586	58
sp|D2Y2F7|VKTF1_CYRHA	27.586	58
sp|Q09JW6|KUNI_ARGMO	29.825	57
sp|P12111|CO6A3_HUMAN	100.000	58
sp|P15989|CO6A3_CHICK	78.182	55
sp|Q63870|CO7A1_MOUSE	48.276	58
sp|B5M0W4|SV66_SIMVI	50.909	55
sp|P86862|VKT1_ANTEL	51.852	54
sp|Q02388|CO7A1_HUMAN	48.276	58
sp|A6MFL3|VKT3_DEMVE	50.000	54
sp|A6MGY1|VKT7_DEMVE	50.000	54
sp|P0DMJ1|VKT39_CYRSC	51.786	56
sp|P68425|VKT1A_CYRSC	50.000	56
sp|P0DJ76|VKT4_CYRSC	50.000	56
sp|Q90W99|VKT3_PSETT	50.000	54
sp|Q6ITB1|VKT_PSEPO	48.148	54
sp|Q6ITB0|VKT1_TROCA	48.148	54
sp|Q868Z9|PPN_DROME	52.941	51
sp|Q868Z9|PPN_DROME	45.283	53
sp|Q868Z9|PPN_DROME	45.283	53
sp|Q868Z9|PPN_DROME	42.308	52
sp|Q868Z9|PPN_DROME	43.396	53
sp|Q868Z9|PPN_DROME	37.736	53
sp|Q868Z9|PPN_DROME	37.736	53
sp|Q868Z9|PPN_DROME	38.889	54
sp|Q868Z9|PPN_DROME	40.385	52
sp|Q868Z9|PPN_DROME	39.655	58
sp|Q868Z9|PPN_DROME	34.545	55
sp|Q868Z9|PPN_DROME	38.462	52
sp|Q6ITB5|VKT1_OXYMI	50.000	54
sp|F5GTK6|VKGUA_SIMGU	45.283	53
sp|P10280|VKT52_ANESU	51.923	52
sp|P0DN08|VKT53_ANEVI	51.923	52
sp|Q8WPI2|KUNIH_RHIMP	48.148	54
sp|Q8WPI2|KUNIH_RHIMP	43.137	51
sp|Q90WA1|VKT1_PSETT	50.000	54
sp|C1IC51|VKT3_WALAE	43.396	53
sp|Q6ITB9|VKT3_PSEAU	50.000	54
sp|B2ZBB6|VKT11_CYRSC	49.091	55
sp|Q6ITB6|VKT2_OXYSC	50.000	54
sp|Q6ITB4|VKT2_OXYMI	50.000	54
sp|C1IC52|VKT2_WALAE	43.396	53
sp|P0DN18|VKTE_ANEVI	50.000	52
sp|Q9TWF8|VKT3_ANESU	50.000	52
sp|P0DN13|VKT9_ANEVI	50.000	52
sp|B6RLX2|VKTCT_OPHHA	45.283	53
sp|P0DJ80|VKT22_CYRSC	50.000	56
sp|P0DJ71|VKT35_CYRHA	50.000	56
sp|D2Y2F5|VKT4_CYRHA	50.000	56
sp|P00993|IBP_CARCR	43.636	55
sp|P0DJ70|VKT53_CYRHA	50.000	56
sp|D2Y2C2|VKTA1_CYRHA	50.000	56
sp|Q90W96|VKT6_PSETT	49.057	53
sp|B5L5R0|IVBI4_PSEPO	46.296	54
sp|B5G6G6|VKT2_PSEPO	46.296	54
sp|A6MGX9|VKT5_DEMVE	44.444	54
sp|P0DJ72|VKT68_CYRHA	50.000	56
sp|D2Y2F6|VKTE1_CYRHA	50.000	56
sp|P0DN12|VKT8_ANEVI	51.923	52
sp|P0DJ64|VKT31_CYRHA	50.000	56
sp|D2Y2F3|VKT2_CYRHA	50.000	56
sp|P81548|VKT2_ANTAF	45.283	53
sp|P0DJ67|VKT34_CYRHA	50.000	56
sp|D2Y2F4|VKTC1_CYRHA	50.000	56
sp|Q8WPI3|KUNIG_RHIMP	46.296	54
sp|Q8WPI3|KUNIG_RHIMP	43.137	51
sp|Q9TWF9|VKT2_ANESU	50.000	52
sp|P0DJ82|VKT27_CYRSC	50.000	56
sp|P0DJ78|VKT6_CYRSC	50.000	56
sp|P0DJ75|VKT2_CYRSC	50.000	56
sp|B2ZBB8|VKT33_CYRSC	50.000	56
sp|Q90WA0|VKT2_PSETT	46.296	54
sp|B2KTG1|VKT_BUNFA	44.231	52
sp|D2Y2F8|VKTG1_CYRHA	48.214	56
sp|B2ZBC0|VKTG9_CYRSC	50.000	56
sp|P0DMX0|VKT3_ANTAF	44.643	56
sp|P0DJ85|VKT45_CYRSC	48.276	58
sp|Q6ITB7|VKT1_OXYSC	48.148	54
sp|Q2ES47|VKT4_DABRR	45.283	53
sp|Q9TWG0|VKT1_ANESU	50.000	52
sp|P24541|VKT_ERIMA	45.283	53
sp|B2ZBB9|VKTG6_CYRSC	50.000	56
sp|Q6ITB2|VKT2_NOTSC	44.643	56
sp|B5KL33|VKT2_TROCA	44.444	54
sp|Q6ITB3|VKT1_NOTSC	44.444	54
sp|C0HLB2|VKT_PSEPC	45.283	53
sp|P0DN06|VKT1A_ANEVI	50.980	51
sp|P0DN10|VKT6_ANEVI	50.000	52
sp|P0DN09|VKT5_ANEVI	50.000	52
sp|P0DN14|VKTA_ANEVI	50.000	52
sp|A6MFL1|VKT1_DEMVE	42.593	54
sp|F6ULY1|WFC6B_MOUSE	47.170	53
sp|D2Y2Q9|VKTR1_CYRHA	46.429	56
sp|C1IC53|VKT4_WALAE	44.231	52
sp|B5KL27|VKT3_OXYMI	47.170	53
sp|B5KL29|VKT3_OXYSC	47.170	53
sp|F8J2F4|VKT16_DRYCN	44.444	54
sp|D2Y2Q2|VKTM1_CYRHA	46.429	56
sp|P00985|VKT2_HEMHA	40.741	54
sp|P0DN11|VKT7_ANEVI	50.000	52
sp|P0DKL8|VKT_VIPRE	43.396	53
sp|Q9GP15|IRCPI_IXORI	50.980	51
sp|A8Y7N9|VKTC6_DABSI	43.396	53
sp|Q8T3S7|VKT1_ARAVE	50.000	54
sp|Q6T6T5|VKT1_BITGA	46.296	54
sp|B5L5R4|IVBI4_NOTSC	45.283	53
sp|B5KL30|VKT4_OXYSC	44.444	54
sp|Q90W98|VKT4_PSETT	43.396	53
sp|P00976|IBPC_BOVIN	36.364	55
sp|P0DN07|VKT4_ANEVI	48.077	52
sp|P0DJ65|VKT7_CYRHA	48.214	56
sp|D2Y2F9|VKTH1_CYRHA	48.214	56
sp|P26228|SBPI_SARBU	47.059	51
sp|P11424|IMAP_DROFU	53.488	43
sp|Q2UY11|COSA1_MOUSE	52.273	44
sp|Q9EPX2|PPN_MOUSE	47.059	51
sp|B7S4N9|VKT_OXYSC	46.154	52
sp|Q2UY09|COSA1_HUMAN	50.000	44
sp|P0DJ73|VKT74_CYRHA	50.943	53
sp|D2Y2F7|VKTF1_CYRHA	50.943	53
sp|P0DN17|VKTD_ANEVI	50.000	52
sp|B5KF96|VKT2_CRYNI	42.593	54
sp|Q6ITB8|VKT4_PSEAU	43.396	53
sp|B5KL38|VKT1_AUSSU	46.296	54
sp|M9PE65|AXO_DROME	47.917	48
sp|Q9DA01|EPPI_MOUSE	43.636	55
sp|Q60495|A4_CAVPO	46.939	49
sp|D4A2Z2|EPPI_RAT	45.455	55
sp|F8J2F5|VKT87_DRYCN	44.444	54
sp|O95428|PPN_HUMAN	47.059	51
sp|P79307|A4_PIG	46.939	49
sp|D2Y2Q1|VKTL1_CYRHA	44.643	56
sp|Q8AY43|VKTA_BUNCA	43.396	53
sp|A8Y7N8|VKTC5_DABSI	41.509	53
sp|B5L5R7|VKT2_HOPST	43.396	53
sp|B4ESA4|VKT3L_BUNMU	42.593	54
sp|D2Y2G1|VKTJ1_CYRHA	44.643	56
sp|P0DJ84|VKT40_CYRSC	44.643	56
sp|Q5IS80|A4_PANTR	46.939	49
sp|P08592|A4_RAT	46.939	49
sp|B5KL39|VKT2_AUSSU	43.396	53
sp|Q6ITC1|VKTH1_PSEAU	43.396	53
sp|P53601|A4_MACFA	46.939	49
sp|Q95241|A4_SAISC	46.939	49
sp|P48307|TFPI2_HUMAN	48.148	54
sp|P48307|TFPI2_HUMAN	43.750	48
sp|P48307|TFPI2_HUMAN	29.825	57
sp|D2Y2G0|VKTI1_CYRHA	48.214	56
sp|Q6NUX0|WFKN_DANRE	44.231	52
sp|Q6NUX0|WFKN_DANRE	35.294	51
sp|P0DMJ4|VKTI3_ANTFU	46.154	52
sp|Q90W97|VKT5_PSETT	45.283	53
sp|C0HMC7|KUN_HAEDO	48.077	52
sp|C0HMC7|KUN_HAEDO	39.216	51
sp|B5L5R1|IVBI5_PSEPO	42.593	54
sp|B6ZIW0|KUN_HAELO	46.154	52
sp|B6ZIW0|KUN_HAELO	37.255	51
sp|P49223|SPIT3_HUMAN	39.623	53
sp|D2Y2Q5|VKTN1_CYRHA	44.643	56
sp|P0DJ68|VKT45_CYRHA	48.214	56
sp|D2Y2G2|VKTK1_CYRHA	48.214	56
sp|A8Y7N4|VKTC1_DABSI	41.509	53
sp|H6VC05|VKTK1_DABRR	41.509	53
sp|B5L5M7|IVBI_AUSSU	43.396	53
sp|P0DJ81|VKT24_CYRSC	48.214	56
sp|Q6T6S5|VKT2_BITGA	47.170	53
sp|O93279|A4_TAKRU	39.623	53
sp|P0DQR0|VKT2_PALCA	41.176	51
sp|O35536|TFPI2_MOUSE	46.429	56
sp|O35536|TFPI2_MOUSE	40.741	54
sp|Q6ITC0|VKT2_PSEAU	43.396	53
sp|Q2ES46|VKT5_DABRR	43.396	53
sp|E7FL13|VKT3_PSERS	43.396	53
sp|B5L5Q1|VKT7_PSETT	45.283	53
sp|Q589G4|VKT19_ANOSM	34.545	55
sp|B5KL28|VKT4_OXYMI	45.283	53
sp|P10646|TFPI1_HUMAN	47.170	53
sp|P10646|TFPI1_HUMAN	37.037	54
sp|P10646|TFPI1_HUMAN	45.098	51
sp|E7FL11|VKT1_PSERS	43.396	53
sp|A7X3V7|VKT1_PHIOL	44.231	52
sp|P05067|A4_HUMAN	46.809	47
sp|B5KL40|VKT3_AUSSU	42.593	54
sp|A6MFL2|VKT2_DEMVE	40.741	54
sp|P15943|APLP2_RAT	44.231	52
sp|Q1RPS8|VKTH6_BUNMU	42.308	52
sp|B5L5Q8|VKT5_PSEAU	42.593	54
sp|Q3UW55|WFC6A_MOUSE	45.283	53
sp|B5KL31|VKT3_PSEPO	41.509	53
sp|Q06481|APLP2_HUMAN	44.231	52
sp|D2Y2Q8|VKTQ1_CYRHA	42.857	56
sp|D2Y2Q7|VKTP1_CYRHA	42.857	56
sp|O95925|EPPI_HUMAN	41.818	55
sp|Q1RPS9|VKTH5_BUNMU	42.308	52
sp|P12023|A4_MOUSE	44.898	49
sp|O76840|PPN1_CAEEL	44.643	56
sp|O76840|PPN1_CAEEL	44.231	52
sp|O76840|PPN1_CAEEL	44.643	56
sp|O76840|PPN1_CAEEL	42.593	54
sp|O76840|PPN1_CAEEL	46.429	56
sp|O76840|PPN1_CAEEL	45.283	53
sp|O76840|PPN1_CAEEL	42.308	52
sp|O76840|PPN1_CAEEL	42.308	52
sp|O76840|PPN1_CAEEL	52.500	40
sp|O76840|PPN1_CAEEL	41.509	53
sp|O76840|PPN1_CAEEL	41.071	56
sp|W4VSH9|VKT1_TRILK	43.636	55
sp|W4VSH9|VKT1_TRILK	45.098	51
sp|P0DJ50|VKT31_OLIMR	39.623	53
sp|E7FL12|VKT2_PSERS	42.593	54
sp|Q7YRQ8|TFPI2_BOVIN	48.148	54
sp|Q7YRQ8|TFPI2_BOVIN	43.396	53
sp|Q7YRQ8|TFPI2_BOVIN	31.481	54
sp|C1IC50|VKT1_WALAE	41.509	53
sp|B5KL37|VKT6_CRYNI	42.593	54
sp|O54819|TFPI1_MOUSE	47.170	53
sp|O54819|TFPI1_MOUSE	40.741	54
sp|O54819|TFPI1_MOUSE	41.176	51
sp|P00978|AMBP_BOVIN	48.148	54
sp|P00978|AMBP_BOVIN	37.931	58
sp|B5KL32|VKT3_NOTSC	42.593	54
sp|A8Y7P5|VKTB5_DABSI	46.154	52
sp|B5KL36|VKT5_CRYNI	40.741	54
sp|A8Y7N7|VKTC4_DABSI	44.231	52
sp|A6MFL4|VKT4_DEMVE	40.741	54
sp|A8Y7P1|VKTB1_DABSI	45.283	53
sp|B5KF95|VKT1_CRYNI	40.741	54
sp|A8Y7N6|VKTC3_DABSI	44.231	52
sp|P0DN15|VKTB_ANEVI	47.059	51
sp|Q8AY42|VKTB_BUNCA	41.509	53
sp|Q9BDL1|EPPI_MACMU	38.182	55
sp|B5KF94|VKT1_HOPST	40.741	54
sp|P00986|VKT2_NAJNI	39.623	53
sp|P0DJ47|VKT12_OLIMR	46.154	52
sp|P19761|TFPI1_RABIT	47.170	53
sp|P19761|TFPI1_RABIT	42.593	54
sp|P19761|TFPI1_RABIT	41.176	51
sp|F8J2F3|VKT28_DRYCN	42.593	54
sp|Q28864|TFPI1_MACMU	45.283	53
sp|Q28864|TFPI1_MACMU	40.741	54
sp|Q28864|TFPI1_MACMU	45.098	51
sp|P00994|ISIK_HELPO	37.037	54
sp|P0DMJ3|VKTI1_ANTFU	43.137	51
sp|P0DQR1|VKT3_PALCA	41.176	51
sp|Q07456|AMBP_MOUSE	50.980	51
sp|Q07456|AMBP_MOUSE	39.286	56
sp|O62845|ELAC_NOTEU	39.623	53
sp|P84875|PCPI_SABMA	45.098	51
sp|P84875|PCPI_SABMA	39.623	53
sp|P84875|PCPI_SABMA	38.462	52
sp|C8YJ94|KUN2_TABYA	45.283	53
sp|B5KL41|VKT4_AUSSU	40.741	54
sp|P0DMW7|VKT3B_ACTEQ	38.889	54
sp|P0DN16|VKTC_ANEVI	47.059	51
sp|D2Y2Q6|VKTO1_CYRHA	42.857	56
sp|P00991|VKT1_VIPAA	44.231	52
sp|B5KL35|VKT4_CRYNI	40.741	54
sp|B1B5I8|VKT3_STIHA	42.308	52
sp|P0DMW6|VKT3A_ACTEQ	38.889	54
sp|D5J9Q8|VKT5_BUNFL	40.385	52
sp|Q2ES48|VKT3_DABRR	42.308	52
sp|A8Y7P3|VKTB3_DABSI	39.623	53
sp|C0HLA5|MAMB2_DENVI	40.741	54
sp|A5X2X1|VKT_SISCA	41.509	53
sp|F8J2F6|VKT18_DRYCN	40.741	54
sp|P20229|VKTTI_NAJNA	39.623	53
sp|P0DJ49|VKT24_OLIMR	45.098	51
sp|P25660|VKT9_BUNFA	41.509	53
sp|Q02445|TFPI1_RAT	43.396	53
sp|Q02445|TFPI1_RAT	38.889	54
sp|Q02445|TFPI1_RAT	39.216	51
sp|P81162|CRPTI_RHIMP	42.308	52
sp|Q4KUS1|WFDC8_MOUSE	40.741	54
sp|C8YJ95|KUN3_TABYA	43.396	53
sp|A8Y7P2|VKTB2_DABSI	39.623	53
sp|D2Y488|VKT1A_CONCL	40.741	54
sp|Q08E66|WFKN2_BOVIN	42.308	52
sp|Q08E66|WFKN2_BOVIN	31.373	51
sp|Q60559|AMBP_MESAU	46.429	56
sp|Q60559|AMBP_MESAU	47.059	51
sp|Q62577|AMBP_MERUN	49.020	51
sp|Q62577|AMBP_MERUN	41.071	56
sp|C1IBY4|KUN1_TABYA	43.396	53
sp|Q7LZS8|VKTRE_DENAN	39.286	56
sp|P0DMJ6|VKT12_DENAN	39.286	56
sp|A8Y7N5|VKTC2_DABSI	41.509	53
sp|P00990|VKT2_DABSI	39.623	53
sp|O43278|SPIT1_HUMAN	47.826	46
sp|O43278|SPIT1_HUMAN	41.071	56
sp|P82966|VKTCI_OPHHA	41.509	53
sp|Q7TQN3|WFKN2_MOUSE	44.231	52
sp|Q7TQN3|WFKN2_MOUSE	29.412	51
sp|E5AJX3|VKT_VIPNI	39.623	53
sp|A8Y7P6|VKTB6_DABSI	39.623	53
sp|P0C8W3|VKT11_HOFGE	45.098	51
sp|I2G9B4|VKT_MACLN	40.385	52
sp|Q2ES50|VKT1_DABRR	39.623	53
sp|A8Y7P0|VKTB7_DABSI	39.623	53
sp|P02760|AMBP_HUMAN	50.000	52
sp|P02760|AMBP_HUMAN	37.500	56
sp|Q64240|AMBP_RAT	49.020	51
sp|Q64240|AMBP_RAT	42.857	56
sp|B5L5Q6|VKT5_OXYMI	46.809	47
sp|B4ESA3|VKT2L_BUNMU	39.623	53
sp|A0A1Z0YU59|MAMB1_DENAN	38.889	54
sp|P00992|VKT3_VIPAA	41.509	53
sp|C0HLA7|MAMB4_DENVI	40.741	54
sp|Q7LZE3|VKTHE_DENAN	39.286	56
sp|P00984|VKTE_DENPO	39.286	56
sp|Q9R097|SPIT1_MOUSE	48.000	50
sp|Q9R097|SPIT1_MOUSE	39.286	56
sp|H6VC06|VKTK2_DABRR	39.623	53
sp|Q964Q0|IXOSP_IXOSC	47.059	51
sp|Q8AY41|VKTC_BUNCA	39.623	53
sp|A8Y7P4|VKTB4_DABSI	39.623	53
sp|Q5ZPJ7|VKT_NAJAT	37.736	53
sp|B5KL34|VKT3_CRYNI	38.889	54
sp|P00980|VKTHA_DENAN	42.308	52
sp|A0A6P8HC43|ATPI1_ACTTE	38.182	55
sp|A0A6P8HC43|ATPI1_ACTTE	39.623	53
sp|A0A6P8HC43|ATPI1_ACTTE	40.000	55
sp|A0A6P8HC43|ATPI1_ACTTE	41.176	51
sp|C0HLA6|MAMB3_DENPO	38.889	54
sp|Q96NZ8|WFKN1_HUMAN	45.283	53
sp|Q96NZ8|WFKN1_HUMAN	31.111	45
sp|O43291|SPIT2_HUMAN	42.857	56
sp|O43291|SPIT2_HUMAN	43.182	44
sp|Q29143|ELAC_TRIVU	39.623	53
sp|C8YJ96|KUN4_TABYA	41.509	53
sp|A7X3V4|VKT1_TELDH	42.308	52
sp|P81547|VKT1_ANTAF	41.176	51
sp|D8KY58|VKT_BOMTE	40.385	52
sp|P0DV03|VKT2M_RADCR	39.623	53
sp|P82968|MCPI_MELCP	43.636	55
sp|C0HK73|3BPI_HETMG	41.509	53
sp|P0C5J5|WFKN1_RAT	41.509	53
sp|Q8TEU8|WFKN2_HUMAN	43.137	51
sp|Q8TEU8|WFKN2_HUMAN	29.412	51
sp|B2G331|VKT2B_RADCR	39.623	53
sp|C0HLA8|MAMB5_DENJA	38.889	54
sp|P0DL86|VKT2H_RADCR	40.385	52
sp|C0HJU6|VKT2F_RADCR	42.308	52
sp|P00982|VKTHD_DENAN	44.231	52
sp|C0HJF4|VKT2C_RADCR	39.623	53
sp|P19859|VKTCI_NAJNA	35.849	53
sp|Q8R0S6|WFKN1_MOUSE	39.623	53
sp|P0DV06|VKT2P_RADCR	39.623	53
sp|C0HLA9|MAMB6_DENVI	38.889	54
sp|C8YJ97|KUN5_TABYA	41.509	53
sp|B2KTG2|VKTH1_BUNFA	43.137	51
sp|C0HK74|3CPI_HETMG	39.623	53
sp|P0DMJ2|VKT3C_ACTEQ	41.176	51
sp|P0DMJ5|VKT2E_RADCR	39.623	53
sp|B5L5Q3|IVBS5_OXYSC	44.681	47
sp|P0DQQ9|VKT1_PALCA	39.216	51
sp|P07481|ISC3_BOMMO	43.478	46
sp|H2A0P0|KCP5_PINMG	50.000	38
sp|H2A0P0|KCP5_PINMG	37.037	54
sp|B2BS84|VKT_AUSLA	37.736	53
sp|B2BS84|VKT_AUSLA	39.216	51
sp|Q0PL65|VKTH7_BUNMU	43.137	51
sp|Q1RPT0|VKTH4_BUNMU	41.667	48
sp|P00989|VKTH2_BUNMU	41.667	48
sp|B5L5R6|IVBI3_HOPST	38.889	54
sp|Q29428|TKDP1_SHEEP	35.849	53
sp|Q8AY45|VKBH2_BUNCA	41.667	48
sp|C0HJF3|VKT2D_RADCR	37.736	53
sp|Q9WU03|SPIT2_MOUSE	46.667	45
sp|Q9WU03|SPIT2_MOUSE	44.444	54
sp|P00979|VKTH1_DENPO	37.736	53
sp|P81902|CSTI_BOMMO	39.216	51
sp|P0DJ46|VKT21_LYCMC	38.462	52
sp|B2KTG3|VKTH2_BUNFA	41.176	51
sp|P0C1X2|VKTS1_CONST	40.385	52
sp|Q5VJG2|KUNI_AMBHE	38.182	55
sp|Q5VJG2|KUNI_AMBHE	52.830	53
sp|P10832|ISC2_BOMMO	43.478	46
sp|Q7T2Q6|VKTHB_BUNFL	42.553	47
sp|Q8AY44|VKTH7_BUNCA	41.667	48
sp|Q75S50|VKTH3_BUNCA	41.667	48
sp|A0A1D0BND9|TD1A_HADIN	39.623	53
sp|A0A1D0BND9|TD1A_HADIN	41.026	39
sp|P10831|ISC1_BOMMO	43.478	46
sp|P00983|MAMB7_DENPO	38.462	52
sp|G3LH89|VKT_BOMIG	36.538	52
sp|P86959|KCP1_PINMA	37.500	56
sp|Q28201|TKDP1_BOVIN	33.962	53
sp|O73683|A4_DICFU	38.182	55
sp|P0DJ45|VKT22_LYCMC	38.462	52
sp|Q29100|UPTI_PIG	36.538	52
sp|P0CY85|VKTB1_CONBU	35.849	53
sp|P16044|IBPI_TACTR	38.462	52
sp|P0DJ48|VKT23_LYCMC	36.538	52
sp|P00974|BPT1_BOVIN	33.962	53
sp|P00975|IBPS_BOVIN	32.075	53
sp|Q6UDR6|SPIT4_HUMAN	34.545	55
sp|Q03610|YN81_CAEEL	52.632	38
sp|Q03610|YN81_CAEEL	36.538	52
sp|Q03610|YN81_CAEEL	44.737	38
sp|Q03610|YN81_CAEEL	33.333	54
sp|P81658|VKTHC_DENAN	39.216	51
sp|C0HLB0|MAMB9_DENVI	36.538	52
sp|P04815|BPT2_BOVIN	32.075	53
sp|Q9W728|VKTH3_BUNMU	41.176	51
sp|Q8T0W4|VKT2_PIMHY	40.385	52
sp|G9I929|VKTA_MICTN	35.714	42
sp|P00987|VKTH1_BUNMU	39.216	51
sp|H2A0N9|KCP4_PINMG	39.216	51
sp|Q8AY46|VKTHB_BUNCA	39.216	51
sp|H2A0M2|KCP1_PINMG	34.545	55
sp|P16344|VKT2A_RADCR	35.849	53
sp|P0DJ79|VKT13_CYRSC	48.214	56
sp|P86963|KCP2_PINMA	36.207	58
sp|Q7Z1K3|ANIS1_ANISI	40.351	57
sp|B4ESA2|VKT1L_BUNMU	35.294	51
sp|Q9D263|SPIT4_MOUSE	32.075	53
sp|Q8IUA0|WFDC8_HUMAN	33.333	54
sp|P86964|KCP3_PINMA	41.026	39
sp|P86964|KCP3_PINMA	32.432	37
sp|H2A0N5|KCP3_PINMG	41.026	39
sp|H2A0N5|KCP3_PINMG	32.432	37
sp|I6VXS1|KUN2_RHIHE	43.590	39
sp|P31713|VKT1_STIHL	41.509	53
sp|H2A0N1|KCP2_PINMG	36.538	52
sp|H2A0N1|KCP2_PINMG	34.694	49
sp|C0LNR2|VKT_VESBI	32.692	52
sp|C0HK72|3API_HETMG	46.154	52
sp|C0HJU7|VKT2G_RADCR	46.154	52
sp|P0DV05|VKT2O_RADCR	43.396	53
sp|A0A6B7FBD3|VKT2I_RADCR	41.818	55
sp|P0DV04|VKT2N_RADCR	43.396	53
sp|Q11101|YL15_CAEEL	41.026	39
sp|P81129|VKT2_STIHL	39.623	53
sp|Q09JW6|KUNI_ARGMO	36.842	38
sp|D9IFL3|KUN1_RHIHE	32.075	53
sp|Q9BQY6|WFDC6_HUMAN	44.828	29
sp|Q8WPG5|KUNI_ORNKA	32.558	43
sp|P79307|A4_PIG	100.000	56
sp|P08592|A4_RAT	100.000	56
sp|Q5IS80|A4_PANTR	100.000	56
sp|P05067|A4_HUMAN	100.000	56
sp|P53601|A4_MACFA	100.000	56
sp|Q95241|A4_SAISC	100.000	56
sp|Q60495|A4_CAVPO	98.214	56
sp|P12023|A4_MOUSE	98.214	56
sp|P15943|APLP2_RAT	69.091	55
sp|Q06481|APLP2_HUMAN	69.091	55
sp|O93279|A4_TAKRU	67.273	55
sp|O73683|A4_DICFU	53.571	56
sp|C0HJU6|VKT2F_RADCR	50.000	54
sp|P0DL86|VKT2H_RADCR	55.556	54
sp|P0DV03|VKT2M_RADCR	52.830	53
sp|P0DMJ5|VKT2E_RADCR	52.830	53
sp|C0HK73|3BPI_HETMG	52.830	53
sp|C0HK74|3CPI_HETMG	52.830	53
sp|O43291|SPIT2_HUMAN	54.717	53
sp|O43291|SPIT2_HUMAN	42.857	56
sp|C0HJF4|VKT2C_RADCR	52.830	53
sp|P15989|CO6A3_CHICK	43.636	55
sp|P0DV06|VKT2P_RADCR	49.057	53
sp|Q9WU03|SPIT2_MOUSE	46.429	56
sp|Q9WU03|SPIT2_MOUSE	49.057	53
sp|C0HJF3|VKT2D_RADCR	49.057	53
sp|P12111|CO6A3_HUMAN	42.593	54
sp|B2G331|VKT2B_RADCR	50.943	53
sp|P0DMW6|VKT3A_ACTEQ	52.941	51
sp|P00976|IBPC_BOVIN	41.509	53
sp|P0DMW7|VKT3B_ACTEQ	52.941	51
sp|B6ZIW0|KUN_HAELO	52.830	53
sp|B6ZIW0|KUN_HAELO	47.059	51
sp|P00994|ISIK_HELPO	49.020	51
sp|Q8WPI2|KUNIH_RHIMP	53.846	52
sp|Q8WPI2|KUNIH_RHIMP	47.059	51
sp|W4VSH9|VKT1_TRILK	46.296	54
sp|W4VSH9|VKT1_TRILK	41.818	55
sp|Q8WPI3|KUNIG_RHIMP	53.846	52
sp|Q8WPI3|KUNIG_RHIMP	47.059	51
sp|P00990|VKT2_DABSI	48.077	52
sp|P10280|VKT52_ANESU	50.000	52
sp|A8Y7P6|VKTB6_DABSI	46.296	54
sp|C0HMC7|KUN_HAEDO	53.846	52
sp|C0HMC7|KUN_HAEDO	47.059	51
sp|Q02445|TFPI1_RAT	47.273	55
sp|Q02445|TFPI1_RAT	47.059	51
sp|Q02445|TFPI1_RAT	37.736	53
sp|P0DN08|VKT53_ANEVI	50.000	52
sp|Q2ES50|VKT1_DABRR	48.077	52
sp|A8Y7P0|VKTB7_DABSI	48.077	52
sp|B2BS84|VKT_AUSLA	50.000	54
sp|B2BS84|VKT_AUSLA	41.176	51
sp|O76840|PPN1_CAEEL	43.636	55
sp|O76840|PPN1_CAEEL	47.170	53
sp|O76840|PPN1_CAEEL	54.286	35
sp|O76840|PPN1_CAEEL	37.037	54
sp|O76840|PPN1_CAEEL	39.623	53
sp|O76840|PPN1_CAEEL	32.727	55
sp|O76840|PPN1_CAEEL	37.500	56
sp|O76840|PPN1_CAEEL	40.385	52
sp|O76840|PPN1_CAEEL	38.889	54
sp|O76840|PPN1_CAEEL	35.185	54
sp|O76840|PPN1_CAEEL	38.095	42
sp|A8Y7P2|VKTB2_DABSI	48.077	52
sp|P49223|SPIT3_HUMAN	48.077	52
sp|P82968|MCPI_MELCP	50.943	53
sp|P00974|BPT1_BOVIN	46.296	54
sp|Q868Z9|PPN_DROME	45.455	55
sp|Q868Z9|PPN_DROME	41.818	55
sp|Q868Z9|PPN_DROME	50.980	51
sp|Q868Z9|PPN_DROME	46.154	52
sp|Q868Z9|PPN_DROME	42.593	54
sp|Q868Z9|PPN_DROME	41.818	55
sp|Q868Z9|PPN_DROME	47.826	46
sp|Q868Z9|PPN_DROME	42.593	54
sp|Q868Z9|PPN_DROME	41.509	53
sp|Q868Z9|PPN_DROME	41.509	53
sp|Q868Z9|PPN_DROME	38.182	55
sp|Q868Z9|PPN_DROME	39.655	58
sp|A8Y7N4|VKTC1_DABSI	46.296	54
sp|H6VC05|VKTK1_DABRR	46.296	54
sp|P84875|PCPI_SABMA	49.020	51
sp|P84875|PCPI_SABMA	47.170	53
sp|P84875|PCPI_SABMA	43.137	51
sp|P0C8W3|VKT11_HOFGE	44.444	54
sp|A8Y7N8|VKTC5_DABSI	48.077	52
sp|Q8T3S7|VKT1_ARAVE	48.889	45
sp|A5X2X1|VKT_SISCA	50.980	51
sp|P81547|VKT1_ANTAF	45.455	55
sp|B5L5M7|IVBI_AUSSU	45.283	53
sp|Q2ES47|VKT4_DABRR	44.444	54
sp|Q90WA0|VKT2_PSETT	46.296	54
sp|C1IBY4|KUN1_TABYA	47.170	53
sp|Q6T6S5|VKT2_BITGA	49.057	53
sp|Q9BDL1|EPPI_MACMU	44.444	54
sp|Q9TWF8|VKT3_ANESU	48.077	52
sp|Q6ITB5|VKT1_OXYMI	46.296	54
sp|A6MFL3|VKT3_DEMVE	42.857	56
sp|A0A6P8HC43|ATPI1_ACTTE	52.941	51
sp|A0A6P8HC43|ATPI1_ACTTE	50.980	51
sp|A0A6P8HC43|ATPI1_ACTTE	47.059	51
sp|A0A6P8HC43|ATPI1_ACTTE	47.273	55
sp|P0DN09|VKT5_ANEVI	48.077	52
sp|Q90WA1|VKT1_PSETT	46.296	54
sp|C8YJ95|KUN3_TABYA	47.170	53
sp|H6VC06|VKTK2_DABRR	49.020	51
sp|A8Y7N9|VKTC6_DABSI	46.154	52
sp|P0DQQ9|VKT1_PALCA	47.059	51
sp|A8Y7P3|VKTB3_DABSI	47.059	51
sp|A6MGY1|VKT7_DEMVE	44.444	54
sp|O35536|TFPI2_MOUSE	44.444	54
sp|O35536|TFPI2_MOUSE	38.182	55
sp|O35536|TFPI2_MOUSE	30.909	55
sp|C8YJ94|KUN2_TABYA	45.283	53
sp|Q90W99|VKT3_PSETT	48.077	52
sp|Q6T6T5|VKT1_BITGA	45.283	53
sp|Q6ITB9|VKT3_PSEAU	46.296	54
sp|O95925|EPPI_HUMAN	42.593	54
sp|Q90W98|VKT4_PSETT	42.593	54
sp|Q3UW55|WFC6A_MOUSE	44.444	54
sp|P0DN11|VKT7_ANEVI	48.077	52
sp|P0DN10|VKT6_ANEVI	48.077	52
sp|Q6ITB6|VKT2_OXYSC	46.296	54
sp|Q6ITB4|VKT2_OXYMI	46.296	54
sp|F5GTK6|VKGUA_SIMGU	45.283	53
sp|P86862|VKT1_ANTEL	43.636	55
sp|P0DN13|VKT9_ANEVI	44.643	56
sp|O62845|ELAC_NOTEU	40.000	55
sp|B1B5I8|VKT3_STIHA	46.154	52
sp|P0DMJ4|VKTI3_ANTFU	42.857	56
sp|F6ULY1|WFC6B_MOUSE	39.623	53
sp|B2ZBB6|VKT11_CYRSC	48.148	54
sp|P00993|IBP_CARCR	40.741	54
sp|A8Y7N5|VKTC2_DABSI	47.059	51
sp|P0DKL8|VKT_VIPRE	47.059	51
sp|P0DN07|VKT4_ANEVI	48.077	52
sp|Q07456|AMBP_MOUSE	55.556	45
sp|Q07456|AMBP_MOUSE	39.623	53
sp|O54819|TFPI1_MOUSE	43.636	55
sp|O54819|TFPI1_MOUSE	44.444	54
sp|O54819|TFPI1_MOUSE	37.736	53
sp|P81902|CSTI_BOMMO	47.059	51
sp|P00991|VKT1_VIPAA	46.296	54
sp|A8Y7P4|VKTB4_DABSI	47.059	51
sp|Q28864|TFPI1_MACMU	40.000	55
sp|Q28864|TFPI1_MACMU	47.059	51
sp|Q28864|TFPI1_MACMU	39.623	53
sp|H2A0N9|KCP4_PINMG	47.059	51
sp|Q60559|AMBP_MESAU	49.057	53
sp|Q60559|AMBP_MESAU	39.623	53
sp|Q28201|TKDP1_BOVIN	42.308	52
sp|P0DN17|VKTD_ANEVI	48.077	52
sp|C1IC50|VKT1_WALAE	48.077	52
sp|P0DMX0|VKT3_ANTAF	45.283	53
sp|Q7LZE3|VKTHE_DENAN	46.296	54
sp|P00984|VKTE_DENPO	46.296	54
sp|Q29428|TKDP1_SHEEP	42.308	52
sp|P86959|KCP1_PINMA	46.154	52
sp|P00978|AMBP_BOVIN	48.148	54
sp|P00978|AMBP_BOVIN	37.736	53
sp|Q9R097|SPIT1_MOUSE	47.059	51
sp|Q9R097|SPIT1_MOUSE	43.396	53
sp|Q2ES46|VKT5_DABRR	42.593	54
sp|Q9TWG0|VKT1_ANESU	42.857	56
sp|P0DN18|VKTE_ANEVI	48.077	52
sp|Q62577|AMBP_MERUN	49.057	53
sp|Q62577|AMBP_MERUN	39.623	53
sp|P00975|IBPS_BOVIN	42.593	54
sp|P0DN14|VKTA_ANEVI	46.154	52
sp|Q7LZS8|VKTRE_DENAN	46.296	54
sp|P0DMJ6|VKT12_DENAN	46.296	54
sp|P04815|BPT2_BOVIN	42.593	54
sp|P16344|VKT2A_RADCR	45.283	53
sp|Q6ITB7|VKT1_OXYSC	44.444	54
sp|P0DN06|VKT1A_ANEVI	42.857	56
sp|C8YJ96|KUN4_TABYA	45.283	53
sp|P0DMJ1|VKT39_CYRSC	46.296	54
sp|C8YJ97|KUN5_TABYA	45.283	53
sp|P68425|VKT1A_CYRSC	46.296	54
sp|Q64240|AMBP_RAT	53.333	45
sp|Q64240|AMBP_RAT	37.736	53
sp|Q8T0W4|VKT2_PIMHY	50.943	53
sp|Q08E66|WFKN2_BOVIN	46.154	52
sp|Q08E66|WFKN2_BOVIN	39.216	51
sp|P02760|AMBP_HUMAN	55.556	45
sp|P02760|AMBP_HUMAN	50.000	44
sp|Q9TWF9|VKT2_ANESU	41.071	56
sp|Q7TQN3|WFKN2_MOUSE	46.154	52
sp|Q7TQN3|WFKN2_MOUSE	35.294	51
sp|P0DJ76|VKT4_CYRSC	46.296	54
sp|C0HLB2|VKT_PSEPC	43.396	53
sp|P0DJ47|VKT12_OLIMR	45.098	51
sp|P0DMJ3|VKTI1_ANTFU	43.636	55
sp|C1IC52|VKT2_WALAE	45.283	53
sp|A7X3V4|VKT1_TELDH	41.509	53
sp|Q964Q0|IXOSP_IXOSC	47.059	51
sp|P0DN12|VKT8_ANEVI	41.071	56
sp|H2A0M2|KCP1_PINMG	44.231	52
sp|Q6NUX0|WFKN_DANRE	44.444	54
sp|Q6NUX0|WFKN_DANRE	45.098	51
sp|B7S4N9|VKT_OXYSC	41.509	53
sp|P10646|TFPI1_HUMAN	38.182	55
sp|P10646|TFPI1_HUMAN	47.059	51
sp|P10646|TFPI1_HUMAN	39.623	53
sp|P24541|VKT_ERIMA	45.098	51
sp|P25660|VKT9_BUNFA	46.154	52
sp|Q29100|UPTI_PIG	45.098	51
sp|Q7YRQ8|TFPI2_BOVIN	47.170	53
sp|Q7YRQ8|TFPI2_BOVIN	39.216	51
sp|Q7YRQ8|TFPI2_BOVIN	28.571	56
sp|O43278|SPIT1_HUMAN	45.283	53
sp|O43278|SPIT1_HUMAN	45.098	51
sp|F8J2F3|VKT28_DRYCN	42.593	54
sp|D4A2Z2|EPPI_RAT	38.889	54
sp|F8J2F5|VKT87_DRYCN	42.593	54
sp|P48307|TFPI2_HUMAN	47.170	53
sp|P48307|TFPI2_HUMAN	39.216	51
sp|P48307|TFPI2_HUMAN	33.898	59
sp|Q63870|CO7A1_MOUSE	45.455	55
sp|P19761|TFPI1_RABIT	39.286	56
sp|P19761|TFPI1_RABIT	43.137	51
sp|P19761|TFPI1_RABIT	37.736	53
sp|B5KL39|VKT2_AUSSU	40.741	54
sp|P0DMJ2|VKT3C_ACTEQ	43.636	55
sp|Q8TEU8|WFKN2_HUMAN	47.059	51
sp|Q8TEU8|WFKN2_HUMAN	35.294	51
sp|P16044|IBPI_TACTR	41.176	51
sp|B5KL33|VKT2_TROCA	40.741	54
sp|P00985|VKT2_HEMHA	41.509	53
sp|Q6ITB3|VKT1_NOTSC	40.741	54
sp|C1IC51|VKT3_WALAE	45.283	53
sp|D2Y2Q2|VKTM1_CYRHA	46.296	54
sp|Q9DA01|EPPI_MOUSE	38.889	54
sp|P81548|VKT2_ANTAF	38.182	55
sp|B5KL35|VKT4_CRYNI	38.889	54
sp|Q9GP15|IRCPI_IXORI	45.098	51
sp|P0DJ85|VKT45_CYRSC	44.444	54
sp|E5AJX3|VKT_VIPNI	43.396	53
sp|P0DV05|VKT2O_RADCR	56.604	53
sp|B5KL30|VKT4_OXYSC	40.741	54
sp|Q6ITB2|VKT2_NOTSC	40.741	54
sp|B5KL36|VKT5_CRYNI	38.889	54
sp|B5KF95|VKT1_CRYNI	38.889	54
sp|D5J9Q8|VKT5_BUNFL	41.509	53
sp|B5KF96|VKT2_CRYNI	38.889	54
sp|Q02388|CO7A1_HUMAN	46.296	54
sp|B5KF94|VKT1_HOPST	40.741	54
sp|Q8R0S6|WFKN1_MOUSE	43.396	53
sp|Q8R0S6|WFKN1_MOUSE	35.417	48
sp|P0DJ80|VKT22_CYRSC	44.444	54
sp|C1IC53|VKT4_WALAE	41.509	53
sp|P81162|CRPTI_RHIMP	36.538	52
sp|A8Y7N6|VKTC3_DABSI	43.396	53
sp|A8Y7N7|VKTC4_DABSI	43.396	53
sp|M9PE65|AXO_DROME	38.889	54
sp|D2Y2Q9|VKTR1_CYRHA	44.444	54
sp|D2Y2G1|VKTJ1_CYRHA	44.444	54
sp|P0DJ84|VKT40_CYRSC	44.444	54
sp|P0DJ78|VKT6_CYRSC	44.444	54
sp|P0DJ75|VKT2_CYRSC	44.444	54
sp|B2ZBB8|VKT33_CYRSC	44.444	54
sp|D2Y2Q7|VKTP1_CYRHA	45.283	53
sp|P00986|VKT2_NAJNI	43.137	51
sp|B5L5R4|IVBI4_NOTSC	38.889	54
sp|D2Y2Q5|VKTN1_CYRHA	44.444	54
sp|Q4KUS1|WFDC8_MOUSE	41.509	53
sp|O95428|PPN_HUMAN	50.000	44
sp|Q90W96|VKT6_PSETT	38.889	54
sp|P0DJ46|VKT21_LYCMC	42.000	50
sp|D2Y2Q8|VKTQ1_CYRHA	44.444	54
sp|P81658|VKTHC_DENAN	43.137	51
sp|A6MFL1|VKT1_DEMVE	37.037	54
sp|B5M0W4|SV66_SIMVI	38.462	52
sp|B4ESA3|VKT2L_BUNMU	44.231	52
sp|B2ZBC0|VKTG9_CYRSC	44.444	54
sp|P0DJ82|VKT27_CYRSC	44.444	54
sp|D8KY58|VKT_BOMTE	45.098	51
sp|Q29143|ELAC_TRIVU	38.182	55
sp|P0DQR1|VKT3_PALCA	39.216	51
sp|A6MFL4|VKT4_DEMVE	37.037	54
sp|P0DQR0|VKT2_PALCA	39.216	51
sp|Q9EPX2|PPN_MOUSE	45.098	51
sp|C0HK72|3API_HETMG	53.704	54
sp|C0HJU7|VKT2G_RADCR	53.704	54
sp|Q96NZ8|WFKN1_HUMAN	43.396	53
sp|Q96NZ8|WFKN1_HUMAN	36.735	49
sp|P0DJ50|VKT31_OLIMR	41.176	51
sp|B2ZBB9|VKTG6_CYRSC	44.444	54
sp|Q2ES48|VKT3_DABRR	41.509	53
sp|Q2UY09|COSA1_HUMAN	37.255	51
sp|P26228|SBPI_SARBU	37.037	54
sp|B2KTG1|VKT_BUNFA	41.176	51
sp|E7FL11|VKT1_PSERS	40.385	52
sp|P00982|VKTHD_DENAN	39.623	53
sp|G3LH89|VKT_BOMIG	40.000	55
sp|P0DJ71|VKT35_CYRHA	43.396	53
sp|D2Y2F5|VKT4_CYRHA	43.396	53
sp|B5KL31|VKT3_PSEPO	37.037	54
sp|P0C5J5|WFKN1_RAT	39.623	53
sp|P0C5J5|WFKN1_RAT	35.417	48
sp|P0DJ70|VKT53_CYRHA	42.593	54
sp|D2Y2C2|VKTA1_CYRHA	42.593	54
sp|Q2UY11|COSA1_MOUSE	37.255	51
sp|D2Y2F8|VKTG1_CYRHA	42.593	54
sp|B5KL29|VKT3_OXYSC	38.889	54
sp|P00992|VKT3_VIPAA	41.509	53
sp|P0DJ45|VKT22_LYCMC	41.176	51
sp|A7X3V7|VKT1_PHIOL	41.176	51
sp|B5L5R0|IVBI4_PSEPO	37.037	54
sp|B5G6G6|VKT2_PSEPO	37.037	54
sp|A8Y7P1|VKTB1_DABSI	38.889	54
sp|Q5VJG2|KUNI_AMBHE	42.308	52
sp|Q5VJG2|KUNI_AMBHE	45.098	51
sp|B5KL27|VKT3_OXYMI	40.385	52
sp|P0DJ67|VKT34_CYRHA	42.593	54
sp|D2Y2F4|VKTC1_CYRHA	42.593	54
sp|Q8AY41|VKTC_BUNCA	42.308	52
sp|A8Y7P5|VKTB5_DABSI	38.889	54
sp|P0DJ73|VKT74_CYRHA	44.231	52
sp|D2Y2F7|VKTF1_CYRHA	44.231	52
sp|P0DJ48|VKT23_LYCMC	38.889	54
sp|B5KL40|VKT3_AUSSU	37.037	54
sp|B5L5R6|IVBI3_HOPST	42.593	54
sp|D2Y2Q1|VKTL1_CYRHA	42.593	54
sp|Q6ITB1|VKT_PSEPO	37.037	54
sp|Q6ITB0|VKT1_TROCA	37.037	54
sp|I2G9B4|VKT_MACLN	39.623	53
sp|C0HLA6|MAMB3_DENPO	39.623	53
sp|B6RLX2|VKTCT_OPHHA	41.509	53
sp|A0A6B7FBD3|VKT2I_RADCR	55.769	52
sp|B5KL28|VKT4_OXYMI	38.889	54
sp|P0DN15|VKTB_ANEVI	38.182	55
sp|A0A1Z0YU59|MAMB1_DENAN	39.623	53
sp|P0DJ72|VKT68_CYRHA	40.741	54
sp|D2Y2F6|VKTE1_CYRHA	40.741	54
sp|P31713|VKT1_STIHL	53.846	52
sp|A6MFL2|VKT2_DEMVE	37.037	54
sp|B5KL34|VKT3_CRYNI	37.037	54
sp|P0DJ65|VKT7_CYRHA	43.396	53
sp|D2Y2F9|VKTH1_CYRHA	43.396	53
sp|A0A1D0BND9|TD1A_HADIN	51.282	39
sp|A0A1D0BND9|TD1A_HADIN	40.000	45
sp|P0DJ64|VKT31_CYRHA	40.741	54
sp|D2Y2F3|VKT2_CYRHA	40.741	54
sp|D2Y2Q6|VKTO1_CYRHA	42.593	54
sp|Q6ITB8|VKT4_PSEAU	38.462	52
sp|P0DJ81|VKT24_CYRSC	42.593	54
sp|Q90W97|VKT5_PSETT	37.037	54
sp|Q6ITC1|VKTH1_PSEAU	38.462	52
sp|B5L5R7|VKT2_HOPST	35.185	54
sp|C0HLA5|MAMB2_DENVI	39.623	53
sp|A6MGX9|VKT5_DEMVE	35.185	54
sp|B5KL38|VKT1_AUSSU	38.889	54
sp|P00983|MAMB7_DENPO	43.137	51
sp|B5L5Q1|VKT7_PSETT	37.037	54
sp|P0DV04|VKT2N_RADCR	52.830	53
sp|Q8IUA0|WFDC8_HUMAN	40.741	54
sp|B5KL37|VKT6_CRYNI	35.185	54
sp|B5KL32|VKT3_NOTSC	37.037	54
sp|Q8AY42|VKTB_BUNCA	40.741	54
sp|P0DN16|VKTC_ANEVI	38.182	55
sp|P0DJ49|VKT24_OLIMR	37.037	54
sp|B4ESA4|VKT3L_BUNMU	38.889	54
sp|C0HLA7|MAMB4_DENVI	39.623	53
sp|Q8AY43|VKTA_BUNCA	38.889	54
sp|D2Y488|VKT1A_CONCL	41.818	55
sp|B5L5R1|IVBI5_PSEPO	37.037	54
sp|E7FL12|VKT2_PSERS	35.185	54
sp|P10832|ISC2_BOMMO	42.105	57
sp|B5L5Q8|VKT5_PSEAU	36.538	52
sp|B5KL41|VKT4_AUSSU	36.538	52
sp|F8J2F4|VKT16_DRYCN	35.185	54
sp|P0DJ68|VKT45_CYRHA	40.741	54
sp|D2Y2G2|VKTK1_CYRHA	40.741	54
sp|P20229|VKTTI_NAJNA	39.216	51
sp|B2KTG2|VKTH1_BUNFA	33.333	51
sp|Q1RPS8|VKTH6_BUNMU	38.462	52
sp|Q1RPS9|VKTH5_BUNMU	39.216	51
sp|B5L5Q6|VKT5_OXYMI	44.186	43
sp|P82966|VKTCI_OPHHA	37.736	53
sp|D2Y2G0|VKTI1_CYRHA	40.741	54
sp|E7FL13|VKT3_PSERS	35.185	54
sp|P81129|VKT2_STIHL	52.941	51
sp|Q8AY44|VKTH7_BUNCA	33.333	51
sp|Q75S50|VKTH3_BUNCA	33.333	51
sp|C0HLA8|MAMB5_DENJA	37.736	53
sp|P00979|VKTH1_DENPO	34.545	55
sp|F8J2F6|VKT18_DRYCN	35.185	54
sp|C0HLA9|MAMB6_DENVI	37.736	53
sp|C0LNR2|VKT_VESBI	40.000	55
sp|Q6ITC0|VKT2_PSEAU	33.333	54
sp|C0HLB0|MAMB9_DENVI	38.462	52
sp|P00989|VKTH2_BUNMU	31.373	51
sp|Q1RPT0|VKTH4_BUNMU	31.373	51
sp|Q8AY45|VKBH2_BUNCA	31.373	51
sp|H2A0N1|KCP2_PINMG	52.778	36
sp|H2A0N1|KCP2_PINMG	41.304	46
sp|P00980|VKTHA_DENAN	35.185	54
sp|B2KTG3|VKTH2_BUNFA	33.333	51
sp|Q0PL65|VKTH7_BUNMU	35.294	51
sp|P10831|ISC1_BOMMO	40.351	57
sp|H2A0P0|KCP5_PINMG	50.000	36
sp|H2A0P0|KCP5_PINMG	38.889	36
sp|Q7T2Q6|VKTHB_BUNFL	35.294	51
sp|B5L5Q3|IVBS5_OXYSC	41.860	43
sp|P11424|IMAP_DROFU	38.095	42
sp|P0CY85|VKTB1_CONBU	35.849	53
sp|H2A0N5|KCP3_PINMG	47.619	42
sp|H2A0N5|KCP3_PINMG	33.929	56
sp|Q589G4|VKT19_ANOSM	43.182	44
sp|P86964|KCP3_PINMA	47.619	42
sp|P86964|KCP3_PINMA	33.929	56
sp|Q5ZPJ7|VKT_NAJAT	35.294	51
sp|G9I929|VKTA_MICTN	40.476	42
sp|Q03610|YN81_CAEEL	31.481	54
sp|Q03610|YN81_CAEEL	39.474	38
sp|Q03610|YN81_CAEEL	43.243	37
sp|Q03610|YN81_CAEEL	36.111	36
sp|Q8AY46|VKTHB_BUNCA	35.294	51
sp|B4ESA2|VKT1L_BUNMU	29.630	54
sp|P00987|VKTH1_BUNMU	35.294	51
sp|P19859|VKTCI_NAJNA	32.075	53
sp|Q6UDR6|SPIT4_HUMAN	29.167	48
sp|Q9D263|SPIT4_MOUSE	32.075	53
sp|Q9W728|VKTH3_BUNMU	31.373	51
sp|I6VXS1|KUN2_RHIHE	42.857	35
sp|Q9BQY6|WFDC6_HUMAN	53.846	26
sp|Q11101|YL15_CAEEL	37.838	37
sp|Q7Z1K3|ANIS1_ANISI	45.714	35
sp|P0C1X2|VKTS1_CONST	32.075	53
sp|P86963|KCP2_PINMA	45.238	42
sp|P07481|ISC3_BOMMO	35.294	51
sp|P0DJ79|VKT13_CYRSC	45.283	53
sp|Q09JW6|KUNI_ARGMO	37.500	56
sp|Q2ES49|VKT2_DABRR	35.135	37
sp|O43291|SPIT2_HUMAN	100.000	54
sp|O43291|SPIT2_HUMAN	46.296	54
sp|Q9WU03|SPIT2_MOUSE	77.778	54
sp|Q9WU03|SPIT2_MOUSE	46.296	54
sp|O43278|SPIT1_HUMAN	59.259	54
sp|O43278|SPIT1_HUMAN	43.137	51
sp|Q9TWF8|VKT3_ANESU	56.863	51
sp|Q9TWF9|VKT2_ANESU	54.902	51
sp|P0DN12|VKT8_ANEVI	54.902	51
sp|Q9TWG0|VKT1_ANESU	56.863	51
sp|P0DN06|VKT1A_ANEVI	56.863	51
sp|P0DMW6|VKT3A_ACTEQ	50.000	54
sp|P0DMW7|VKT3B_ACTEQ	50.943	53
sp|P0DN11|VKT7_ANEVI	56.863	51
sp|P0DN07|VKT4_ANEVI	56.863	51
sp|C8YJ94|KUN2_TABYA	54.902	51
sp|P81547|VKT1_ANTAF	52.941	51
sp|P10280|VKT52_ANESU	54.902	51
sp|Q9R097|SPIT1_MOUSE	53.704	54
sp|Q9R097|SPIT1_MOUSE	40.385	52
sp|P0DN09|VKT5_ANEVI	54.902	51
sp|P0DN08|VKT53_ANEVI	54.902	51
sp|P0DJ50|VKT31_OLIMR	54.902	51
sp|Q29428|TKDP1_SHEEP	50.000	52
sp|D4A2Z2|EPPI_RAT	50.000	54
sp|C8YJ95|KUN3_TABYA	50.980	51
sp|P81162|CRPTI_RHIMP	50.980	51
sp|A0A6P8HC43|ATPI1_ACTTE	51.852	54
sp|A0A6P8HC43|ATPI1_ACTTE	50.000	54
sp|A0A6P8HC43|ATPI1_ACTTE	48.148	54
sp|A0A6P8HC43|ATPI1_ACTTE	40.741	54
sp|P0DN17|VKTD_ANEVI	56.863	51
sp|Q6T6S5|VKT2_BITGA	49.057	53
sp|C1IBY4|KUN1_TABYA	50.980	51
sp|P0DN15|VKTB_ANEVI	52.941	51
sp|P0DMJ3|VKTI1_ANTFU	50.980	51
sp|Q28201|TKDP1_BOVIN	50.000	52
sp|P00975|IBPS_BOVIN	47.170	53
sp|Q6ITB6|VKT2_OXYSC	47.170	53
sp|Q6ITB4|VKT2_OXYMI	47.170	53
sp|Q90WA1|VKT1_PSETT	47.170	53
sp|P0DN13|VKT9_ANEVI	54.902	51
sp|W4VSH9|VKT1_TRILK	50.943	53
sp|W4VSH9|VKT1_TRILK	37.255	51
sp|B2BS84|VKT_AUSLA	48.148	54
sp|B2BS84|VKT_AUSLA	50.980	51
sp|P0DN18|VKTE_ANEVI	54.902	51
sp|P0DQQ9|VKT1_PALCA	47.059	51
sp|P0DMJ2|VKT3C_ACTEQ	48.148	54
sp|P0DMX0|VKT3_ANTAF	44.444	54
sp|Q6ITB9|VKT3_PSEAU	47.170	53
sp|P04815|BPT2_BOVIN	47.170	53
sp|P0DMJ4|VKTI3_ANTFU	49.020	51
sp|P86862|VKT1_ANTEL	50.000	54
sp|P84875|PCPI_SABMA	48.077	52
sp|P84875|PCPI_SABMA	43.137	51
sp|P84875|PCPI_SABMA	41.176	51
sp|P0C8W3|VKT11_HOFGE	45.098	51
sp|A8Y7N9|VKTC6_DABSI	46.154	52
sp|P00976|IBPC_BOVIN	43.396	53
sp|P0DN10|VKT6_ANEVI	52.941	51
sp|Q6ITB7|VKT1_OXYSC	45.283	53
sp|Q06481|APLP2_HUMAN	43.137	51
sp|P15943|APLP2_RAT	43.137	51
sp|P0DN16|VKTC_ANEVI	52.941	51
sp|Q6ITB5|VKT1_OXYMI	45.283	53
sp|Q2ES46|VKT5_DABRR	46.154	52
sp|Q8T3S7|VKT1_ARAVE	49.057	53
sp|P0DJ46|VKT21_LYCMC	49.020	51
sp|P49223|SPIT3_HUMAN	50.980	51
sp|P0DJ45|VKT22_LYCMC	49.020	51
sp|B6ZIW0|KUN_HAELO	48.077	52
sp|B6ZIW0|KUN_HAELO	49.020	51
sp|P0DJ48|VKT23_LYCMC	49.020	51
sp|P0DN14|VKTA_ANEVI	50.980	51
sp|Q90WA0|VKT2_PSETT	43.396	53
sp|C8YJ97|KUN5_TABYA	49.020	51
sp|D8KY58|VKT_BOMTE	49.020	51
sp|Q2ES47|VKT4_DABRR	46.154	52
sp|G3LH89|VKT_BOMIG	47.059	51
sp|Q95241|A4_SAISC	52.273	44
sp|Q5IS80|A4_PANTR	52.273	44
sp|P79307|A4_PIG	52.273	44
sp|P53601|A4_MACFA	52.273	44
sp|P08592|A4_RAT	52.273	44
sp|P05067|A4_HUMAN	52.273	44
sp|C0HLB2|VKT_PSEPC	44.231	52
sp|Q08E66|WFKN2_BOVIN	48.077	52
sp|Q08E66|WFKN2_BOVIN	29.412	51
sp|P00974|BPT1_BOVIN	45.283	53
sp|P12023|A4_MOUSE	52.273	44
sp|P24541|VKT_ERIMA	44.231	52
sp|P00990|VKT2_DABSI	44.231	52
sp|P00993|IBP_CARCR	42.593	54
sp|B7S4N9|VKT_OXYSC	44.231	52
sp|C0HJF3|VKT2D_RADCR	47.170	53
sp|P00991|VKT1_VIPAA	44.231	52
sp|Q60495|A4_CAVPO	50.000	44
sp|C0HMC7|KUN_HAEDO	46.154	52
sp|C0HMC7|KUN_HAEDO	49.020	51
sp|P0DKL8|VKT_VIPRE	44.231	52
sp|Q8WPI2|KUNIH_RHIMP	46.296	54
sp|Q8WPI2|KUNIH_RHIMP	49.020	51
sp|A8Y7P6|VKTB6_DABSI	44.231	52
sp|O95925|EPPI_HUMAN	46.296	54
sp|B6RLX2|VKTCT_OPHHA	46.154	52
sp|Q2ES50|VKT1_DABRR	44.231	52
sp|A8Y7P0|VKTB7_DABSI	44.231	52
sp|Q6T6T5|VKT1_BITGA	45.283	53
sp|C0HK74|3CPI_HETMG	45.283	53
sp|Q8TEU8|WFKN2_HUMAN	49.020	51
sp|Q8TEU8|WFKN2_HUMAN	29.412	51
sp|Q7TQN3|WFKN2_MOUSE	48.077	52
sp|Q7TQN3|WFKN2_MOUSE	29.412	51
sp|Q90W99|VKT3_PSETT	45.283	53
sp|P0DMJ5|VKT2E_RADCR	45.283	53
sp|A8Y7P3|VKTB3_DABSI	44.231	52
sp|Q8T0W4|VKT2_PIMHY	47.170	53
sp|C8YJ96|KUN4_TABYA	47.059	51
sp|Q29100|UPTI_PIG	48.077	52
sp|P82968|MCPI_MELCP	47.170	53
sp|A8Y7P2|VKTB2_DABSI	44.231	52
sp|Q8WPI3|KUNIG_RHIMP	44.444	54
sp|Q8WPI3|KUNIG_RHIMP	49.020	51
sp|Q7LZS8|VKTRE_DENAN	46.154	52
sp|P0DMJ6|VKT12_DENAN	46.154	52
sp|Q90W98|VKT4_PSETT	44.231	52
sp|O62845|ELAC_NOTEU	41.509	53
sp|C0HK73|3BPI_HETMG	45.283	53
sp|Q9DA01|EPPI_MOUSE	42.593	54
sp|E5AJX3|VKT_VIPNI	42.308	52
sp|P15989|CO6A3_CHICK	45.283	53
sp|Q7LZE3|VKTHE_DENAN	46.154	52
sp|P00984|VKTE_DENPO	46.154	52
sp|H6VC06|VKTK2_DABRR	46.154	52
sp|B1B5I8|VKT3_STIHA	42.308	52
sp|P0DQR1|VKT3_PALCA	50.000	44
sp|P68425|VKT1A_CYRSC	45.283	53
sp|B2ZBB6|VKT11_CYRSC	45.283	53
sp|A8Y7N8|VKTC5_DABSI	42.308	52
sp|P81902|CSTI_BOMMO	43.137	51
sp|F8J2F5|VKT87_DRYCN	41.509	53
sp|F6ULY1|WFC6B_MOUSE	44.444	54
sp|P26228|SBPI_SARBU	50.980	51
sp|A8Y7N5|VKTC2_DABSI	44.231	52
sp|A8Y7N4|VKTC1_DABSI	42.308	52
sp|H6VC05|VKTK1_DABRR	42.308	52
sp|B5L5M7|IVBI_AUSSU	44.231	52
sp|P00992|VKT3_VIPAA	44.231	52
sp|B5KL38|VKT1_AUSSU	39.623	53
sp|P25660|VKT9_BUNFA	46.154	52
sp|A5X2X1|VKT_SISCA	42.308	52
sp|A8Y7P4|VKTB4_DABSI	44.231	52
sp|B5KL37|VKT6_CRYNI	43.396	53
sp|Q02445|TFPI1_RAT	49.057	53
sp|Q02445|TFPI1_RAT	40.741	54
sp|Q02445|TFPI1_RAT	45.098	51
sp|P00994|ISIK_HELPO	41.509	53
sp|B2G331|VKT2B_RADCR	43.396	53
sp|I2G9B4|VKT_MACLN	40.385	52
sp|H2A0N9|KCP4_PINMG	49.020	51
sp|C0HJU6|VKT2F_RADCR	44.231	52
sp|P0DV03|VKT2M_RADCR	43.396	53
sp|O73683|A4_DICFU	43.396	53
sp|P20229|VKTTI_NAJNA	42.308	52
sp|O54819|TFPI1_MOUSE	49.057	53
sp|O54819|TFPI1_MOUSE	40.741	54
sp|O54819|TFPI1_MOUSE	45.098	51
sp|P0DJ76|VKT4_CYRSC	43.396	53
sp|P10646|TFPI1_HUMAN	42.593	54
sp|P10646|TFPI1_HUMAN	47.059	51
sp|P10646|TFPI1_HUMAN	45.283	53
sp|C0HJF4|VKT2C_RADCR	43.396	53
sp|F5GTK6|VKGUA_SIMGU	42.593	54
sp|Q964Q0|IXOSP_IXOSC	41.176	51
sp|P19761|TFPI1_RABIT	42.593	54
sp|P19761|TFPI1_RABIT	43.396	53
sp|P19761|TFPI1_RABIT	40.385	52
sp|P86959|KCP1_PINMA	41.509	53
sp|Q3UW55|WFC6A_MOUSE	42.593	54
sp|P0DV06|VKT2P_RADCR	43.396	53
sp|Q868Z9|PPN_DROME	47.059	51
sp|Q868Z9|PPN_DROME	41.509	53
sp|Q868Z9|PPN_DROME	45.098	51
sp|Q868Z9|PPN_DROME	37.500	56
sp|Q868Z9|PPN_DROME	37.255	51
sp|Q868Z9|PPN_DROME	35.849	53
sp|Q868Z9|PPN_DROME	43.182	44
sp|Q868Z9|PPN_DROME	35.294	51
sp|Q868Z9|PPN_DROME	29.630	54
sp|Q868Z9|PPN_DROME	35.294	51
sp|Q868Z9|PPN_DROME	31.481	54
sp|Q868Z9|PPN_DROME	32.075	53
sp|Q29143|ELAC_TRIVU	41.509	53
sp|Q9BDL1|EPPI_MACMU	40.741	54
sp|Q96NZ8|WFKN1_HUMAN	45.283	53
sp|Q96NZ8|WFKN1_HUMAN	37.143	35
sp|B5KL40|VKT3_AUSSU	39.623	53
sp|P12111|CO6A3_HUMAN	41.509	53
sp|Q28864|TFPI1_MACMU	42.593	54
sp|Q28864|TFPI1_MACMU	47.059	51
sp|Q28864|TFPI1_MACMU	45.283	53
sp|Q5VJG2|KUNI_AMBHE	52.273	44
sp|Q5VJG2|KUNI_AMBHE	34.615	52
sp|Q7YRQ8|TFPI2_BOVIN	43.396	53
sp|Q7YRQ8|TFPI2_BOVIN	36.538	52
sp|Q7YRQ8|TFPI2_BOVIN	27.778	36
sp|P16044|IBPI_TACTR	43.137	51
sp|B5L5R7|VKT2_HOPST	40.385	52
sp|D2Y2Q9|VKTR1_CYRHA	45.283	53
sp|D2Y2Q2|VKTM1_CYRHA	45.283	53
sp|D2Y2G1|VKTJ1_CYRHA	45.283	53
sp|P0DJ84|VKT40_CYRSC	45.283	53
sp|O76840|PPN1_CAEEL	39.623	53
sp|O76840|PPN1_CAEEL	41.509	53
sp|O76840|PPN1_CAEEL	37.037	54
sp|O76840|PPN1_CAEEL	38.889	54
sp|O76840|PPN1_CAEEL	33.333	54
sp|O76840|PPN1_CAEEL	37.255	51
sp|O76840|PPN1_CAEEL	31.373	51
sp|O76840|PPN1_CAEEL	28.302	53
sp|O76840|PPN1_CAEEL	45.714	35
sp|O76840|PPN1_CAEEL	45.714	35
sp|O76840|PPN1_CAEEL	37.736	53
sp|O93279|A4_TAKRU	41.176	51
sp|D2Y2Q7|VKTP1_CYRHA	45.283	53
sp|B5L5R4|IVBI4_NOTSC	40.385	52
sp|C1IC52|VKT2_WALAE	42.308	52
sp|Q8R0S6|WFKN1_MOUSE	45.283	53
sp|A6MGY1|VKT7_DEMVE	41.509	53
sp|A6MFL3|VKT3_DEMVE	41.509	53
sp|B4ESA4|VKT3L_BUNMU	42.593	54
sp|F8J2F4|VKT16_DRYCN	37.736	53
sp|P0DJ82|VKT27_CYRSC	43.396	53
sp|P02760|AMBP_HUMAN	42.593	54
sp|P02760|AMBP_HUMAN	41.176	51
sp|D2Y2Q1|VKTL1_CYRHA	45.283	53
sp|P00985|VKT2_HEMHA	39.623	53
sp|P0C5J5|WFKN1_RAT	41.509	53
sp|P0C5J5|WFKN1_RAT	34.286	35
sp|D2Y2Q8|VKTQ1_CYRHA	43.396	53
sp|Q62577|AMBP_MERUN	42.593	54
sp|Q62577|AMBP_MERUN	39.216	51
sp|Q63870|CO7A1_MOUSE	40.000	55
sp|P00978|AMBP_BOVIN	43.396	53
sp|P00978|AMBP_BOVIN	35.849	53
sp|P0DL86|VKT2H_RADCR	43.137	51
sp|C1IC51|VKT3_WALAE	42.308	52
sp|P16344|VKT2A_RADCR	50.000	40
sp|F8J2F3|VKT28_DRYCN	38.462	52
sp|O95428|PPN_HUMAN	39.216	51
sp|B5KL39|VKT2_AUSSU	38.462	52
sp|B5M0W4|SV66_SIMVI	47.727	44
sp|Q02388|CO7A1_HUMAN	41.071	56
sp|Q6ITB1|VKT_PSEPO	41.509	53
sp|Q6ITB0|VKT1_TROCA	41.509	53
sp|B5L5R0|IVBI4_PSEPO	41.509	53
sp|B5G6G6|VKT2_PSEPO	41.509	53
sp|B5L5R1|IVBI5_PSEPO	35.849	53
sp|Q9EPX2|PPN_MOUSE	39.216	51
sp|Q589G4|VKT19_ANOSM	35.849	53
sp|P00979|VKTH1_DENPO	37.037	54
sp|Q6ITC0|VKT2_PSEAU	38.462	52
sp|Q90W97|VKT5_PSETT	42.308	52
sp|A8Y7N7|VKTC4_DABSI	36.538	52
sp|Q8AY43|VKTA_BUNCA	42.308	52
sp|A8Y7N6|VKTC3_DABSI	36.538	52
sp|Q5ZPJ7|VKT_NAJAT	38.462	52
sp|B5KF96|VKT2_CRYNI	39.623	53
sp|P48307|TFPI2_HUMAN	43.396	53
sp|P48307|TFPI2_HUMAN	39.583	48
sp|P48307|TFPI2_HUMAN	26.923	52
sp|D2Y2Q5|VKTN1_CYRHA	43.396	53
sp|C1IC53|VKT4_WALAE	38.462	52
sp|B4ESA3|VKT2L_BUNMU	43.396	53
sp|B5KF95|VKT1_CRYNI	39.623	53
sp|B5KL32|VKT3_NOTSC	40.385	52
sp|B5KL36|VKT5_CRYNI	39.623	53
sp|D2Y2Q6|VKTO1_CYRHA	43.396	53
sp|P0DJ47|VKT12_OLIMR	37.255	51
sp|Q6ITB3|VKT1_NOTSC	37.736	53
sp|P00980|VKTHA_DENAN	38.462	52
sp|A7X3V4|VKT1_TELDH	40.385	52
sp|B5KL33|VKT2_TROCA	37.736	53
sp|Q6ITB2|VKT2_NOTSC	37.736	53
sp|B5L5Q8|VKT5_PSEAU	35.849	53
sp|H2A0M2|KCP1_PINMG	39.623	53
sp|B5KL30|VKT4_OXYSC	37.736	53
sp|Q6NUX0|WFKN_DANRE	43.137	51
sp|Q6NUX0|WFKN_DANRE	35.294	51
sp|E7FL12|VKT2_PSERS	36.538	52
sp|B5KL41|VKT4_AUSSU	35.849	53
sp|Q2ES48|VKT3_DABRR	36.538	52
sp|E7FL13|VKT3_PSERS	36.538	52
sp|A8Y7P5|VKTB5_DABSI	34.615	52
sp|A8Y7P1|VKTB1_DABSI	34.615	52
sp|Q8AY42|VKTB_BUNCA	42.308	52
sp|P82966|VKTCI_OPHHA	38.462	52
sp|P00986|VKT2_NAJNI	38.462	52
sp|B5KL35|VKT4_CRYNI	39.623	53
sp|A6MFL4|VKT4_DEMVE	37.736	53
sp|B2KTG1|VKT_BUNFA	36.538	52
sp|Q4KUS1|WFDC8_MOUSE	35.185	54
sp|Q07456|AMBP_MOUSE	37.037	54
sp|Q07456|AMBP_MOUSE	39.216	51
sp|C1IC50|VKT1_WALAE	38.462	52
sp|Q9GP15|IRCPI_IXORI	35.294	51
sp|Q8AY41|VKTC_BUNCA	41.509	53
sp|P81548|VKT2_ANTAF	37.037	54
sp|A6MFL1|VKT1_DEMVE	35.849	53
sp|P0DQR0|VKT2_PALCA	33.333	51
sp|Q60559|AMBP_MESAU	38.889	54
sp|Q60559|AMBP_MESAU	39.216	51
sp|B5KL27|VKT3_OXYMI	38.462	52
sp|O35536|TFPI2_MOUSE	35.849	53
sp|O35536|TFPI2_MOUSE	36.538	52
sp|D5J9Q8|VKT5_BUNFL	36.538	52
sp|A6MGX9|VKT5_DEMVE	35.849	53
sp|P11424|IMAP_DROFU	45.238	42
sp|Q90W96|VKT6_PSETT	38.462	52
sp|Q64240|AMBP_RAT	37.037	54
sp|Q64240|AMBP_RAT	39.216	51
sp|D2Y488|VKT1A_CONCL	37.037	54
sp|A6MFL2|VKT2_DEMVE	35.849	53
sp|B5KL29|VKT3_OXYSC	38.462	52
sp|B5L5Q1|VKT7_PSETT	40.385	52
sp|B5KL34|VKT3_CRYNI	37.736	53
sp|P10831|ISC1_BOMMO	43.182	44
sp|A7X3V7|VKT1_PHIOL	39.216	51
sp|Q6ITB8|VKT4_PSEAU	38.462	52
sp|Q7T2Q6|VKTHB_BUNFL	35.185	54
sp|F8J2F6|VKT18_DRYCN	38.462	52
sp|C0LNR2|VKT_VESBI	35.185	54
sp|B5KF94|VKT1_HOPST	37.736	53
sp|C0HLA6|MAMB3_DENPO	35.849	53
sp|Q6ITC1|VKTH1_PSEAU	38.462	52
sp|P0DMJ1|VKT39_CYRSC	37.736	53
sp|C0HLA5|MAMB2_DENVI	35.849	53
sp|Q0PL65|VKTH7_BUNMU	38.000	50
sp|P0DJ49|VKT24_OLIMR	39.216	51
sp|E7FL11|VKT1_PSERS	38.462	52
sp|H2A0N1|KCP2_PINMG	46.809	47
sp|H2A0N1|KCP2_PINMG	36.735	49
sp|C0HLA7|MAMB4_DENVI	35.849	53
sp|P07481|ISC3_BOMMO	42.222	45
sp|B5KL28|VKT4_OXYMI	36.538	52
sp|Q2UY09|COSA1_HUMAN	33.333	51
sp|Q9D263|SPIT4_MOUSE	40.000	50
sp|M9PE65|AXO_DROME	40.000	45
sp|A0A1D0BND9|TD1A_HADIN	35.185	54
sp|A0A1D0BND9|TD1A_HADIN	46.154	39
sp|P10832|ISC2_BOMMO	43.182	44
sp|A0A1Z0YU59|MAMB1_DENAN	33.962	53
sp|Q03610|YN81_CAEEL	35.185	54
sp|Q03610|YN81_CAEEL	41.667	36
sp|Q03610|YN81_CAEEL	50.000	36
sp|Q03610|YN81_CAEEL	41.667	36
sp|Q03610|YN81_CAEEL	33.929	56
sp|P00982|VKTHD_DENAN	33.962	53
sp|P0DJ72|VKT68_CYRHA	37.736	53
sp|D2Y2F6|VKTE1_CYRHA	37.736	53
sp|B5L5R6|IVBI3_HOPST	37.736	53
sp|P19859|VKTCI_NAJNA	32.692	52
sp|B4ESA2|VKT1L_BUNMU	37.255	51
sp|Q2UY11|COSA1_MOUSE	34.091	44
sp|P0DJ71|VKT35_CYRHA	35.849	53
sp|D2Y2F5|VKT4_CYRHA	35.849	53
sp|C0HLA8|MAMB5_DENJA	33.962	53
sp|B5KL31|VKT3_PSEPO	36.538	52
sp|C0HLA9|MAMB6_DENVI	33.962	53
sp|B5L5Q6|VKT5_OXYMI	37.500	48
sp|P0DV04|VKT2N_RADCR	49.020	51
sp|P0DJ70|VKT53_CYRHA	35.849	53
sp|D2Y2C2|VKTA1_CYRHA	35.849	53
sp|P0DJ65|VKT7_CYRHA	35.849	53
sp|D2Y2F9|VKTH1_CYRHA	35.849	53
sp|D2Y2F8|VKTG1_CYRHA	35.849	53
sp|B2ZBC0|VKTG9_CYRSC	35.849	53
sp|P0DJ78|VKT6_CYRSC	35.849	53
sp|P0DJ75|VKT2_CYRSC	35.849	53
sp|B2ZBB8|VKT33_CYRSC	35.849	53
sp|Q1RPS9|VKTH5_BUNMU	32.000	50
sp|Q2ES49|VKT2_DABRR	32.692	52
sp|P81129|VKT2_STIHL	45.283	53
sp|P0DJ85|VKT45_CYRSC	35.849	53
sp|P0DJ67|VKT34_CYRHA	35.849	53
sp|D2Y2F4|VKTC1_CYRHA	35.849	53
sp|P0DJ64|VKT31_CYRHA	35.849	53
sp|D2Y2F3|VKT2_CYRHA	35.849	53
sp|P0DJ80|VKT22_CYRSC	35.849	53
sp|Q6UDR6|SPIT4_HUMAN	39.583	48
sp|Q8IUA0|WFDC8_HUMAN	31.481	54
sp|B2ZBB9|VKTG6_CYRSC	35.849	53
sp|P81658|VKTHC_DENAN	32.692	52
sp|B2KTG2|VKTH1_BUNFA	31.481	54
sp|D9IFL3|KUN1_RHIHE	33.962	53
sp|P0DJ73|VKT74_CYRHA	35.294	51
sp|D2Y2F7|VKTF1_CYRHA	35.294	51
sp|P0DJ68|VKT45_CYRHA	35.849	53
sp|D2Y2G2|VKTK1_CYRHA	35.849	53
sp|P00983|MAMB7_DENPO	33.333	51
sp|P0CY85|VKTB1_CONBU	35.294	51
sp|H2A0N5|KCP3_PINMG	38.889	54
sp|H2A0N5|KCP3_PINMG	33.333	36
sp|H2A0P0|KCP5_PINMG	37.736	53
sp|H2A0P0|KCP5_PINMG	37.209	43
sp|Q1RPS8|VKTH6_BUNMU	31.250	48
sp|B5L5Q3|IVBS5_OXYSC	35.417	48
sp|A0A6B7FBD3|VKT2I_RADCR	45.283	53
sp|P86964|KCP3_PINMA	41.463	41
sp|P0DJ81|VKT24_CYRSC	33.962	53
sp|D2Y2G0|VKTI1_CYRHA	33.962	53
sp|B2KTG3|VKTH2_BUNFA	29.630	54
sp|I6VXS1|KUN2_RHIHE	42.857	35
sp|C0HK72|3API_HETMG	46.154	52
sp|C0HJU7|VKT2G_RADCR	46.154	52
sp|G9I929|VKTA_MICTN	34.884	43
sp|P0DV05|VKT2O_RADCR	43.396	53
sp|P31713|VKT1_STIHL	43.137	51
sp|Q7Z1K3|ANIS1_ANISI	40.000	35
sp|P86963|KCP2_PINMA	35.714	42
sp|Q9BQY6|WFDC6_HUMAN	38.298	47
sp|C0HLB0|MAMB9_DENVI	34.286	35
sp|Q8AY46|VKTHB_BUNCA	29.630	54
sp|P00987|VKTH1_BUNMU	29.630	54
sp|Q8AY44|VKTH7_BUNCA	30.952	42
sp|Q75S50|VKTH3_BUNCA	30.952	42
sp|P00989|VKTH2_BUNMU	30.952	42
sp|Q1RPT0|VKTH4_BUNMU	30.952	42
sp|Q8AY45|VKBH2_BUNCA	27.778	54
sp|Q9W728|VKTH3_BUNMU	27.778	54
sp|Q09JW6|KUNI_ARGMO	42.105	38
sp|P0C1X2|VKTS1_CONST	36.111	36
sp|P10646|TFPI1_HUMAN	100.000	59
sp|P10646|TFPI1_HUMAN	52.830	53
sp|P10646|TFPI1_HUMAN	42.105	57
sp|Q28864|TFPI1_MACMU	96.610	59
sp|Q28864|TFPI1_MACMU	50.943	53
sp|Q28864|TFPI1_MACMU	42.105	57
sp|P19761|TFPI1_RABIT	91.228	57
sp|P19761|TFPI1_RABIT	56.897	58
sp|P19761|TFPI1_RABIT	40.351	57
sp|Q02445|TFPI1_RAT	87.931	58
sp|Q02445|TFPI1_RAT	46.429	56
sp|Q02445|TFPI1_RAT	38.889	54
sp|O54819|TFPI1_MOUSE	82.759	58
sp|O54819|TFPI1_MOUSE	53.571	56
sp|O54819|TFPI1_MOUSE	41.818	55
sp|C0HLB2|VKT_PSEPC	50.000	56
sp|B5L5M7|IVBI_AUSSU	55.357	56
sp|Q2ES46|VKT5_DABRR	51.786	56
sp|Q2ES47|VKT4_DABRR	51.786	56
sp|B7S4N9|VKT_OXYSC	51.786	56
sp|P00991|VKT1_VIPAA	46.429	56
sp|P24541|VKT_ERIMA	51.923	52
sp|Q6T6S5|VKT2_BITGA	50.000	56
sp|P00992|VKT3_VIPAA	44.643	56
sp|P81548|VKT2_ANTAF	52.830	53
sp|P0DMX0|VKT3_ANTAF	56.604	53
sp|C0HMC7|KUN_HAEDO	57.407	54
sp|C0HMC7|KUN_HAEDO	43.333	60
sp|Q6T6T5|VKT1_BITGA	47.273	55
sp|A8Y7N7|VKTC4_DABSI	45.614	57
sp|Q90W98|VKT4_PSETT	50.877	57
sp|A8Y7N6|VKTC3_DABSI	45.614	57
sp|P0DKL8|VKT_VIPRE	48.214	56
sp|A8Y7N9|VKTC6_DABSI	49.091	55
sp|B5L5R0|IVBI4_PSEPO	51.786	56
sp|B5G6G6|VKT2_PSEPO	51.786	56
sp|Q9TWG0|VKT1_ANESU	56.863	51
sp|B5KL37|VKT6_CRYNI	53.571	56
sp|Q2ES48|VKT3_DABRR	45.614	57
sp|B5KF95|VKT1_CRYNI	51.786	56
sp|P0DN06|VKT1A_ANEVI	56.863	51
sp|B5KL36|VKT5_CRYNI	51.786	56
sp|B6ZIW0|KUN_HAELO	51.786	56
sp|B6ZIW0|KUN_HAELO	43.333	60
sp|B5KF96|VKT2_CRYNI	51.786	56
sp|P0DN13|VKT9_ANEVI	54.902	51
sp|P00976|IBPC_BOVIN	49.153	59
sp|B5KL31|VKT3_PSEPO	48.214	56
sp|B5KL35|VKT4_CRYNI	51.786	56
sp|Q6ITB1|VKT_PSEPO	50.000	56
sp|Q6ITB0|VKT1_TROCA	50.000	56
sp|C1IC53|VKT4_WALAE	50.000	54
sp|E5AJX3|VKT_VIPNI	42.857	56
sp|I2G9B4|VKT_MACLN	42.857	56
sp|E7FL11|VKT1_PSERS	48.214	56
sp|A6MGY1|VKT7_DEMVE	46.429	56
sp|A6MFL4|VKT4_DEMVE	50.000	56
sp|P0DMW6|VKT3A_ACTEQ	50.909	55
sp|Q6ITC1|VKTH1_PSEAU	47.368	57
sp|Q29428|TKDP1_SHEEP	52.727	55
sp|A6MFL3|VKT3_DEMVE	46.429	56
sp|P0DN14|VKTA_ANEVI	56.863	51
sp|P0DMW7|VKT3B_ACTEQ	46.552	58
sp|P00985|VKT2_HEMHA	47.273	55
sp|B5L5R4|IVBI4_NOTSC	45.614	57
sp|C0HLA5|MAMB2_DENVI	45.455	55
sp|P0DN18|VKTE_ANEVI	52.941	51
sp|P86862|VKT1_ANTEL	50.943	53
sp|P15989|CO6A3_CHICK	43.860	57
sp|B1B5I8|VKT3_STIHA	50.000	56
sp|A5X2X1|VKT_SISCA	51.786	56
sp|P0DN09|VKT5_ANEVI	54.902	51
sp|Q6ITB8|VKT4_PSEAU	47.368	57
sp|B5L5Q8|VKT5_PSEAU	45.614	57
sp|P0DN17|VKTD_ANEVI	54.902	51
sp|Q8WPI2|KUNIH_RHIMP	50.000	56
sp|Q8WPI2|KUNIH_RHIMP	47.541	61
sp|A8Y7P6|VKTB6_DABSI	48.214	56
sp|Q2ES50|VKT1_DABRR	48.214	56
sp|A8Y7P0|VKTB7_DABSI	48.214	56
sp|B5KF94|VKT1_HOPST	46.429	56
sp|P10280|VKT52_ANESU	54.902	51
sp|C0HLA7|MAMB4_DENVI	45.455	55
sp|P12111|CO6A3_HUMAN	47.170	53
sp|A8Y7P4|VKTB4_DABSI	48.214	56
sp|E7FL12|VKT2_PSERS	45.614	57
sp|P00990|VKT2_DABSI	48.214	56
sp|P0DN11|VKT7_ANEVI	54.902	51
sp|Q28201|TKDP1_BOVIN	50.909	55
sp|P0DN08|VKT53_ANEVI	54.902	51
sp|B5KL34|VKT3_CRYNI	50.000	56
sp|P0DN10|VKT6_ANEVI	54.902	51
sp|A0A1Z0YU59|MAMB1_DENAN	43.636	55
sp|A6MGX9|VKT5_DEMVE	48.214	56
sp|C1IC52|VKT2_WALAE	43.636	55
sp|F8J2F4|VKT16_DRYCN	46.429	56
sp|A8Y7P3|VKTB3_DABSI	48.214	56
sp|Q8WPI3|KUNIG_RHIMP	48.214	56
sp|Q8WPI3|KUNIG_RHIMP	45.902	61
sp|B4ESA3|VKT2L_BUNMU	44.643	56
sp|A8Y7P5|VKTB5_DABSI	39.286	56
sp|Q6ITB3|VKT1_NOTSC	46.429	56
sp|F8J2F6|VKT18_DRYCN	42.105	57
sp|B5KL33|VKT2_TROCA	45.614	57
sp|B5KL40|VKT3_AUSSU	48.214	56
sp|F8J2F5|VKT87_DRYCN	44.828	58
sp|A8Y7P1|VKTB1_DABSI	39.286	56
sp|P00993|IBP_CARCR	50.877	57
sp|A8Y7N8|VKTC5_DABSI	48.214	56
sp|A8Y7N4|VKTC1_DABSI	48.214	56
sp|H6VC05|VKTK1_DABRR	48.214	56
sp|A6MFL1|VKT1_DEMVE	46.429	56
sp|B5L5R7|VKT2_HOPST	48.214	56
sp|B5KL30|VKT4_OXYSC	45.614	57
sp|C0HLA6|MAMB3_DENPO	43.636	55
sp|P0DN12|VKT8_ANEVI	52.941	51
sp|A6MFL2|VKT2_DEMVE	48.214	56
sp|P0DN07|VKT4_ANEVI	52.941	51
sp|C1IC51|VKT3_WALAE	43.636	55
sp|A8Y7P2|VKTB2_DABSI	48.214	56
sp|H6VC06|VKTK2_DABRR	46.429	56
sp|P81547|VKT1_ANTAF	48.077	52
sp|B6RLX2|VKTCT_OPHHA	45.455	55
sp|P0DQR1|VKT3_PALCA	55.556	45
sp|C0HLA8|MAMB5_DENJA	43.636	55
sp|Q7LZE3|VKTHE_DENAN	45.283	53
sp|P00984|VKTE_DENPO	45.283	53
sp|Q9TWF9|VKT2_ANESU	50.980	51
sp|Q90W99|VKT3_PSETT	46.429	56
sp|A7X3V4|VKT1_TELDH	46.429	56
sp|C0HLA9|MAMB6_DENVI	43.636	55
sp|Q8AY41|VKTC_BUNCA	42.857	56
sp|W4VSH9|VKT1_TRILK	47.368	57
sp|W4VSH9|VKT1_TRILK	40.741	54
sp|Q7LZS8|VKTRE_DENAN	45.283	53
sp|P0DMJ6|VKT12_DENAN	45.283	53
sp|A0A6P8HC43|ATPI1_ACTTE	50.909	55
sp|A0A6P8HC43|ATPI1_ACTTE	51.852	54
sp|A0A6P8HC43|ATPI1_ACTTE	51.852	54
sp|A0A6P8HC43|ATPI1_ACTTE	44.643	56
sp|Q9TWF8|VKT3_ANESU	52.941	51
sp|Q90WA1|VKT1_PSETT	50.000	56
sp|A8Y7N5|VKTC2_DABSI	44.643	56
sp|Q6ITB9|VKT3_PSEAU	50.000	56
sp|Q6ITB2|VKT2_NOTSC	44.643	56
sp|P25660|VKT9_BUNFA	42.857	56
sp|P00980|VKTHA_DENAN	48.077	52
sp|F6ULY1|WFC6B_MOUSE	50.943	53
sp|Q6ITB6|VKT2_OXYSC	50.000	56
sp|Q6ITB4|VKT2_OXYMI	50.000	56
sp|P84875|PCPI_SABMA	48.214	56
sp|P84875|PCPI_SABMA	47.170	53
sp|P84875|PCPI_SABMA	44.231	52
sp|B2KTG1|VKT_BUNFA	46.296	54
sp|B5L5R6|IVBI3_HOPST	44.643	56
sp|B5L5R1|IVBI5_PSEPO	44.643	56
sp|F8J2F3|VKT28_DRYCN	42.857	56
sp|P00994|ISIK_HELPO	40.000	55
sp|D8KY58|VKT_BOMTE	49.123	57
sp|P81162|CRPTI_RHIMP	45.455	55
sp|B5KL39|VKT2_AUSSU	42.105	57
sp|Q6ITB7|VKT1_OXYSC	48.214	56
sp|P0DMJ3|VKTI1_ANTFU	41.818	55
sp|Q6ITB5|VKT1_OXYMI	48.214	56
sp|P0DMJ2|VKT3C_ACTEQ	49.020	51
sp|F5GTK6|VKGUA_SIMGU	49.057	53
sp|G3LH89|VKT_BOMIG	47.368	57
sp|P0DJ50|VKT31_OLIMR	47.273	55
sp|P00986|VKT2_NAJNI	43.636	55
sp|P00975|IBPS_BOVIN	44.643	56
sp|Q6ITC0|VKT2_PSEAU	44.643	56
sp|P82966|VKTCI_OPHHA	41.818	55
sp|B5L5Q1|VKT7_PSETT	44.643	56
sp|Q7YRQ8|TFPI2_BOVIN	50.943	53
sp|Q7YRQ8|TFPI2_BOVIN	48.148	54
sp|Q7YRQ8|TFPI2_BOVIN	31.481	54
sp|P00974|BPT1_BOVIN	42.857	56
sp|B5KL38|VKT1_AUSSU	42.857	56
sp|B5KL32|VKT3_NOTSC	43.860	57
sp|Q3UW55|WFC6A_MOUSE	46.296	54
sp|Q8AY43|VKTA_BUNCA	39.655	58
sp|P20229|VKTTI_NAJNA	40.000	55
sp|E7FL13|VKT3_PSERS	44.643	56
sp|Q08E66|WFKN2_BOVIN	50.980	51
sp|Q08E66|WFKN2_BOVIN	35.185	54
sp|P00979|VKTH1_DENPO	45.283	53
sp|B5KL41|VKT4_AUSSU	42.105	57
sp|C1IC50|VKT1_WALAE	41.818	55
sp|Q8T3S7|VKT1_ARAVE	47.273	55
sp|P07481|ISC3_BOMMO	56.522	46
sp|P49223|SPIT3_HUMAN	45.455	55
sp|Q589G4|VKT19_ANOSM	43.636	55
sp|P86959|KCP1_PINMA	49.091	55
sp|Q8AY42|VKTB_BUNCA	41.071	56
sp|P02760|AMBP_HUMAN	50.000	56
sp|P02760|AMBP_HUMAN	37.255	51
sp|D4A2Z2|EPPI_RAT	46.296	54
sp|B5KL29|VKT3_OXYSC	44.643	56
sp|P0DN16|VKTC_ANEVI	47.059	51
sp|P04815|BPT2_BOVIN	42.857	56
sp|B5KL27|VKT3_OXYMI	44.643	56
sp|C0HJF3|VKT2D_RADCR	44.444	54
sp|O76840|PPN1_CAEEL	50.943	53
sp|O76840|PPN1_CAEEL	43.396	53
sp|O76840|PPN1_CAEEL	39.286	56
sp|O76840|PPN1_CAEEL	41.176	51
sp|O76840|PPN1_CAEEL	36.364	55
sp|O76840|PPN1_CAEEL	40.000	55
sp|O76840|PPN1_CAEEL	39.623	53
sp|O76840|PPN1_CAEEL	41.818	55
sp|O76840|PPN1_CAEEL	37.037	54
sp|O76840|PPN1_CAEEL	32.692	52
sp|O76840|PPN1_CAEEL	42.500	40
sp|Q9DA01|EPPI_MOUSE	44.444	54
sp|P0DN15|VKTB_ANEVI	47.059	51
sp|Q90WA0|VKT2_PSETT	44.643	56
sp|Q9GP15|IRCPI_IXORI	44.643	56
sp|Q868Z9|PPN_DROME	49.091	55
sp|Q868Z9|PPN_DROME	43.396	53
sp|Q868Z9|PPN_DROME	36.538	52
sp|Q868Z9|PPN_DROME	40.741	54
sp|Q868Z9|PPN_DROME	38.596	57
sp|Q868Z9|PPN_DROME	39.623	53
sp|Q868Z9|PPN_DROME	42.308	52
sp|Q868Z9|PPN_DROME	47.500	40
sp|Q868Z9|PPN_DROME	37.500	56
sp|Q868Z9|PPN_DROME	35.849	53
sp|Q868Z9|PPN_DROME	36.207	58
sp|Q868Z9|PPN_DROME	33.333	51
sp|Q8TEU8|WFKN2_HUMAN	50.980	51
sp|Q8TEU8|WFKN2_HUMAN	35.185	54
sp|P81902|CSTI_BOMMO	48.148	54
sp|Q5ZPJ7|VKT_NAJAT	40.000	55
sp|P0DMJ4|VKTI3_ANTFU	40.000	55
sp|P0DV03|VKT2M_RADCR	42.593	54
sp|P19859|VKTCI_NAJNA	40.000	55
sp|H2A0M2|KCP1_PINMG	47.273	55
sp|O35536|TFPI2_MOUSE	43.860	57
sp|O35536|TFPI2_MOUSE	41.509	53
sp|O35536|TFPI2_MOUSE	30.508	59
sp|Q964Q0|IXOSP_IXOSC	50.000	52
sp|Q964Q0|IXOSP_IXOSC	45.000	40
sp|D5J9Q8|VKT5_BUNFL	38.596	57
sp|P48307|TFPI2_HUMAN	47.170	53
sp|P48307|TFPI2_HUMAN	44.000	50
sp|P48307|TFPI2_HUMAN	31.818	66
sp|P0DJ47|VKT12_OLIMR	46.154	52
sp|C0HK74|3CPI_HETMG	42.593	54
sp|Q29143|ELAC_TRIVU	47.273	55
sp|C0HK73|3BPI_HETMG	42.593	54
sp|Q60559|AMBP_MESAU	48.214	56
sp|Q60559|AMBP_MESAU	39.216	51
sp|C0HJU6|VKT2F_RADCR	48.889	45
sp|B4ESA4|VKT3L_BUNMU	40.000	55
sp|P0DMJ5|VKT2E_RADCR	42.593	54
sp|P00978|AMBP_BOVIN	48.214	56
sp|P00978|AMBP_BOVIN	41.509	53
sp|Q90W97|VKT5_PSETT	42.857	56
sp|P82968|MCPI_MELCP	47.170	53
sp|C0HJF4|VKT2C_RADCR	42.593	54
sp|B2G331|VKT2B_RADCR	40.351	57
sp|Q7TQN3|WFKN2_MOUSE	49.020	51
sp|Q7TQN3|WFKN2_MOUSE	35.185	54
sp|P0DV06|VKT2P_RADCR	42.593	54
sp|A7X3V7|VKT1_PHIOL	49.020	51
sp|D2Y488|VKT1A_CONCL	49.091	55
sp|B5KL28|VKT4_OXYMI	42.857	56
sp|P10832|ISC2_BOMMO	54.348	46
sp|Q90W96|VKT6_PSETT	42.857	56
sp|P0DJ49|VKT24_OLIMR	48.077	52
sp|P0DL86|VKT2H_RADCR	48.889	45
sp|Q4KUS1|WFDC8_MOUSE	45.098	51
sp|Q62577|AMBP_MERUN	48.214	56
sp|Q62577|AMBP_MERUN	41.176	51
sp|O93279|A4_TAKRU	39.216	51
sp|Q64240|AMBP_RAT	46.429	56
sp|Q64240|AMBP_RAT	37.255	51
sp|P16044|IBPI_TACTR	51.111	45
sp|P26228|SBPI_SARBU	49.020	51
sp|P10831|ISC1_BOMMO	54.348	46
sp|Q9EPX2|PPN_MOUSE	39.655	58
sp|O43291|SPIT2_HUMAN	45.283	53
sp|O43291|SPIT2_HUMAN	32.075	53
sp|Q6NUX0|WFKN_DANRE	49.020	51
sp|Q6NUX0|WFKN_DANRE	32.727	55
sp|Q07456|AMBP_MOUSE	46.429	56
sp|Q07456|AMBP_MOUSE	39.216	51
sp|Q5VJG2|KUNI_AMBHE	38.596	57
sp|Q5VJG2|KUNI_AMBHE	33.333	54
sp|O62845|ELAC_NOTEU	44.444	54
sp|Q96NZ8|WFKN1_HUMAN	45.283	53
sp|Q96NZ8|WFKN1_HUMAN	33.333	42
sp|P0DQQ9|VKT1_PALCA	39.216	51
sp|Q8R0S6|WFKN1_MOUSE	45.283	53
sp|Q9R097|SPIT1_MOUSE	41.818	55
sp|Q9R097|SPIT1_MOUSE	44.231	52
sp|Q29100|UPTI_PIG	43.636	55
sp|O95428|PPN_HUMAN	40.000	55
sp|C8YJ95|KUN3_TABYA	48.889	45
sp|P0DJ48|VKT23_LYCMC	47.273	55
sp|Q7T2Q6|VKTHB_BUNFL	50.000	44
sp|P00982|VKTHD_DENAN	41.509	53
sp|Q03610|YN81_CAEEL	44.681	47
sp|Q03610|YN81_CAEEL	48.718	39
sp|Q03610|YN81_CAEEL	44.643	56
sp|Q03610|YN81_CAEEL	40.541	37
sp|Q03610|YN81_CAEEL	30.233	43
sp|Q2UY09|COSA1_HUMAN	37.037	54
sp|P79307|A4_PIG	41.667	48
sp|C8YJ94|KUN2_TABYA	42.105	57
sp|P08592|A4_RAT	41.667	48
sp|O43278|SPIT1_HUMAN	45.098	51
sp|O43278|SPIT1_HUMAN	43.396	53
sp|C1IBY4|KUN1_TABYA	48.889	45
sp|P15943|APLP2_RAT	40.385	52
sp|P0DJ46|VKT21_LYCMC	45.455	55
sp|Q5IS80|A4_PANTR	41.667	48
sp|P05067|A4_HUMAN	41.667	48
sp|P53601|A4_MACFA	41.667	48
sp|Q95241|A4_SAISC	41.667	48
sp|Q06481|APLP2_HUMAN	40.385	52
sp|Q60495|A4_CAVPO	41.667	48
sp|P0C5J5|WFKN1_RAT	43.396	53
sp|Q2UY11|COSA1_MOUSE	40.000	45
sp|Q9D263|SPIT4_MOUSE	40.351	57
sp|B5L5Q6|VKT5_OXYMI	42.593	54
sp|P12023|A4_MOUSE	41.667	48
sp|P00983|MAMB7_DENPO	38.182	55
sp|O95925|EPPI_HUMAN	36.842	57
sp|P0DJ45|VKT22_LYCMC	45.455	55
sp|B5M0W4|SV66_SIMVI	40.741	54
sp|C8YJ97|KUN5_TABYA	48.837	43
sp|P0DQR0|VKT2_PALCA	37.255	51
sp|P0C8W3|VKT11_HOFGE	40.385	52
sp|Q02388|CO7A1_HUMAN	41.071	56
sp|Q9WU03|SPIT2_MOUSE	43.137	51
sp|Q9WU03|SPIT2_MOUSE	33.962	53
sp|Q9BDL1|EPPI_MACMU	35.088	57
sp|P68425|VKT1A_CYRSC	39.655	58
sp|Q0PL65|VKTH7_BUNMU	42.857	56
sp|A0A1D0BND9|TD1A_HADIN	50.000	40
sp|A0A1D0BND9|TD1A_HADIN	41.509	53
sp|B2ZBB6|VKT11_CYRSC	41.818	55
sp|C8YJ96|KUN4_TABYA	46.667	45
sp|Q8T0W4|VKT2_PIMHY	42.308	52
sp|B2BS84|VKT_AUSLA	36.842	57
sp|B2BS84|VKT_AUSLA	35.849	53
sp|B5L5Q3|IVBS5_OXYSC	40.741	54
sp|Q63870|CO7A1_MOUSE	40.000	55
sp|P11424|IMAP_DROFU	47.619	42
sp|Q1RPS8|VKTH6_BUNMU	34.483	58
sp|P0DJ76|VKT4_CYRSC	37.931	58
sp|P0C1X2|VKTS1_CONST	39.286	56
sp|P16344|VKT2A_RADCR	35.185	54
sp|O73683|A4_DICFU	35.849	53
sp|Q1RPS9|VKTH5_BUNMU	35.849	53
sp|G9I929|VKTA_MICTN	35.593	59
sp|H2A0N9|KCP4_PINMG	37.736	53
sp|M9PE65|AXO_DROME	44.000	50
sp|Q2ES49|VKT2_DABRR	37.500	56
sp|P81129|VKT2_STIHL	46.296	54
sp|Q6UDR6|SPIT4_HUMAN	47.727	44
sp|P0DJ82|VKT27_CYRSC	37.931	58
sp|Q8AY45|VKBH2_BUNCA	37.255	51
sp|Q1RPT0|VKTH4_BUNMU	37.037	54
sp|P00989|VKTH2_BUNMU	37.037	54
sp|Q8AY44|VKTH7_BUNCA	37.037	54
sp|Q75S50|VKTH3_BUNCA	37.037	54
sp|P81658|VKTHC_DENAN	30.357	56
sp|P31713|VKT1_STIHL	51.111	45
sp|P0DMJ1|VKT39_CYRSC	35.714	56
sp|I6VXS1|KUN2_RHIHE	50.000	36
sp|D2Y2Q9|VKTR1_CYRHA	36.207	58
sp|D2Y2Q2|VKTM1_CYRHA	36.207	58
sp|D2Y2Q1|VKTL1_CYRHA	36.207	58
sp|D2Y2G1|VKTJ1_CYRHA	36.207	58
sp|P0DJ84|VKT40_CYRSC	36.207	58
sp|P0DV04|VKT2N_RADCR	44.444	54
sp|P0CY85|VKTB1_CONBU	34.545	55
sp|D2Y2Q7|VKTP1_CYRHA	38.182	55
sp|D2Y2Q5|VKTN1_CYRHA	37.500	56
sp|C0HLB0|MAMB9_DENVI	34.545	55
sp|D2Y2Q8|VKTQ1_CYRHA	36.207	58
sp|C0HK72|3API_HETMG	45.283	53
sp|C0HJU7|VKT2G_RADCR	45.283	53
sp|B2KTG2|VKTH1_BUNFA	37.255	51
sp|P0DV05|VKT2O_RADCR	42.593	54
sp|H2A0N1|KCP2_PINMG	43.137	51
sp|H2A0N1|KCP2_PINMG	36.170	47
sp|C0LNR2|VKT_VESBI	32.075	53
sp|A0A6B7FBD3|VKT2I_RADCR	43.636	55
sp|H2A0N5|KCP3_PINMG	36.842	57
sp|H2A0N5|KCP3_PINMG	39.024	41
sp|P86964|KCP3_PINMA	39.024	41
sp|P86964|KCP3_PINMA	41.667	36
sp|P0DJ72|VKT68_CYRHA	33.929	56
sp|D2Y2F6|VKTE1_CYRHA	33.929	56
sp|D2Y2Q6|VKTO1_CYRHA	40.426	47
sp|P0DJ71|VKT35_CYRHA	33.929	56
sp|D2Y2F5|VKT4_CYRHA	33.929	56
sp|B2KTG3|VKTH2_BUNFA	33.929	56
sp|H2A0P0|KCP5_PINMG	37.500	40
sp|H2A0P0|KCP5_PINMG	40.000	35
sp|P0DJ78|VKT6_CYRSC	33.929	56
sp|P0DJ75|VKT2_CYRSC	33.929	56
sp|B2ZBB8|VKT33_CYRSC	33.929	56
sp|P0DJ80|VKT22_CYRSC	33.929	56
sp|P0DJ70|VKT53_CYRHA	33.929	56
sp|D2Y2C2|VKTA1_CYRHA	33.929	56
sp|P0DJ64|VKT31_CYRHA	33.929	56
sp|D2Y2F3|VKT2_CYRHA	33.929	56
sp|P0DJ67|VKT34_CYRHA	33.929	56
sp|D2Y2F4|VKTC1_CYRHA	33.929	56
sp|B2ZBC0|VKTG9_CYRSC	33.929	56
sp|D9IFL3|KUN1_RHIHE	32.143	56
sp|Q8IUA0|WFDC8_HUMAN	35.294	51
sp|B2ZBB9|VKTG6_CYRSC	33.929	56
sp|P0DJ85|VKT45_CYRSC	33.929	56
sp|Q8AY46|VKTHB_BUNCA	35.294	51
sp|P00987|VKTH1_BUNMU	35.294	51
sp|D2Y2F8|VKTG1_CYRHA	32.143	56
sp|Q9W728|VKTH3_BUNMU	33.333	51
sp|D2Y2G0|VKTI1_CYRHA	33.929	56
sp|Q7Z1K3|ANIS1_ANISI	34.211	38
sp|Q8MVC4|TFPIL_IXOSC	42.105	38
sp|P0DJ68|VKT45_CYRHA	33.929	56
sp|D2Y2G2|VKTK1_CYRHA	33.929	56
sp|P0DJ73|VKT74_CYRHA	34.615	52
sp|D2Y2F7|VKTF1_CYRHA	34.615	52
sp|P0DJ65|VKT7_CYRHA	32.143	56
sp|D2Y2F9|VKTH1_CYRHA	32.143	56
sp|B4ESA2|VKT1L_BUNMU	31.915	47
sp|P0DJ81|VKT24_CYRSC	32.143	56
sp|Q9BQY6|WFDC6_HUMAN	45.714	35
sp|Q09JW6|KUNI_ARGMO	41.176	51
sp|P48307|TFPI2_HUMAN	100.000	63
sp|P48307|TFPI2_HUMAN	42.857	49
sp|Q7YRQ8|TFPI2_BOVIN	77.778	63
sp|Q7YRQ8|TFPI2_BOVIN	40.385	52
sp|Q7YRQ8|TFPI2_BOVIN	32.075	53
sp|O35536|TFPI2_MOUSE	62.295	61
sp|O35536|TFPI2_MOUSE	39.344	61
sp|Q9TWG0|VKT1_ANESU	56.863	51
sp|F5GTK6|VKGUA_SIMGU	54.545	55
sp|P0DN06|VKT1A_ANEVI	56.863	51
sp|Q9GP15|IRCPI_IXORI	54.902	51
sp|Q90WA0|VKT2_PSETT	50.000	58
sp|Q9TWF9|VKT2_ANESU	54.902	51
sp|P10280|VKT52_ANESU	54.902	51
sp|P0DN13|VKT9_ANEVI	56.863	51
sp|P0DN12|VKT8_ANEVI	54.902	51
sp|P0DMJ2|VKT3C_ACTEQ	54.717	53
sp|Q6T6T5|VKT1_BITGA	48.214	56
sp|Q6T6S5|VKT2_BITGA	51.852	54
sp|P0DN09|VKT5_ANEVI	54.902	51
sp|P00991|VKT1_VIPAA	48.214	56
sp|P0DN10|VKT6_ANEVI	54.902	51
sp|P0DN08|VKT53_ANEVI	54.902	51
sp|A6MGY1|VKT7_DEMVE	48.276	58
sp|P0DN11|VKT7_ANEVI	54.902	51
sp|Q8T3S7|VKT1_ARAVE	56.863	51
sp|A6MFL3|VKT3_DEMVE	52.830	53
sp|P0DN14|VKTA_ANEVI	52.941	51
sp|Q6ITB5|VKT1_OXYMI	46.552	58
sp|Q90WA1|VKT1_PSETT	46.552	58
sp|P81902|CSTI_BOMMO	51.923	52
sp|P81547|VKT1_ANTAF	51.852	54
sp|Q6ITB2|VKT2_NOTSC	46.552	58
sp|P0C8W3|VKT11_HOFGE	52.941	51
sp|B7S4N9|VKT_OXYSC	40.323	62
sp|Q6ITB6|VKT2_OXYSC	46.552	58
sp|Q6ITB4|VKT2_OXYMI	46.552	58
sp|P00992|VKT3_VIPAA	46.552	58
sp|B5KL39|VKT2_AUSSU	44.828	58
sp|P84875|PCPI_SABMA	53.846	52
sp|P84875|PCPI_SABMA	42.308	52
sp|P84875|PCPI_SABMA	41.818	55
sp|P0DN17|VKTD_ANEVI	54.902	51
sp|C0HK73|3BPI_HETMG	51.852	54
sp|B5KL33|VKT2_TROCA	46.552	58
sp|P0DV03|VKT2M_RADCR	53.704	54
sp|B6ZIW0|KUN_HAELO	51.786	56
sp|B6ZIW0|KUN_HAELO	37.255	51
sp|Q6ITB3|VKT1_NOTSC	46.552	58
sp|C0HJU6|VKT2F_RADCR	53.846	52
sp|Q2ES46|VKT5_DABRR	50.943	53
sp|P81548|VKT2_ANTAF	51.852	54
sp|P12111|CO6A3_HUMAN	49.057	53
sp|Q6ITB9|VKT3_PSEAU	44.828	58
sp|C1IC50|VKT1_WALAE	42.373	59
sp|P00993|IBP_CARCR	44.262	61
sp|Q6ITB7|VKT1_OXYSC	44.828	58
sp|P0DMJ4|VKTI3_ANTFU	50.980	51
sp|P86862|VKT1_ANTEL	54.717	53
sp|C0HK74|3CPI_HETMG	51.852	54
sp|D2Y488|VKT1A_CONCL	50.909	55
sp|P00976|IBPC_BOVIN	49.057	53
sp|P15989|CO6A3_CHICK	48.214	56
sp|C0HMC7|KUN_HAEDO	50.000	56
sp|C0HMC7|KUN_HAEDO	37.255	51
sp|B5M0W4|SV66_SIMVI	50.000	54
sp|P0DMJ5|VKT2E_RADCR	51.852	54
sp|B2G331|VKT2B_RADCR	51.852	54
sp|C0HJF4|VKT2C_RADCR	51.852	54
sp|Q9TWF8|VKT3_ANESU	52.941	51
sp|P0DV06|VKT2P_RADCR	51.852	54
sp|B5KL30|VKT4_OXYSC	46.552	58
sp|B5L5R4|IVBI4_NOTSC	44.828	58
sp|F8J2F3|VKT28_DRYCN	44.828	58
sp|B5KL28|VKT4_OXYMI	44.828	58
sp|B5KL27|VKT3_OXYMI	44.828	58
sp|B5L5M7|IVBI_AUSSU	47.170	53
sp|F8J2F5|VKT87_DRYCN	43.103	58
sp|C0HJF3|VKT2D_RADCR	50.000	54
sp|B5KL36|VKT5_CRYNI	46.552	58
sp|A8Y7N7|VKTC4_DABSI	44.643	56
sp|P0DJ50|VKT31_OLIMR	49.020	51
sp|B5KF95|VKT1_CRYNI	46.552	58
sp|A8Y7N6|VKTC3_DABSI	44.643	56
sp|P0DN18|VKTE_ANEVI	54.902	51
sp|Q2ES47|VKT4_DABRR	49.057	53
sp|B5KF96|VKT2_CRYNI	46.552	58
sp|W4VSH9|VKT1_TRILK	50.000	54
sp|W4VSH9|VKT1_TRILK	43.137	51
sp|Q96NZ8|WFKN1_HUMAN	50.943	53
sp|Q96NZ8|WFKN1_HUMAN	41.304	46
sp|B5KL35|VKT4_CRYNI	46.552	58
sp|B5KL29|VKT3_OXYSC	43.103	58
sp|P0DL86|VKT2H_RADCR	51.923	52
sp|P0DMJ3|VKTI1_ANTFU	50.980	51
sp|Q7TQN3|WFKN2_MOUSE	51.923	52
sp|Q7TQN3|WFKN2_MOUSE	39.216	51
sp|Q2ES48|VKT3_DABRR	42.857	56
sp|P19761|TFPI1_RABIT	44.444	54
sp|P19761|TFPI1_RABIT	43.396	53
sp|P19761|TFPI1_RABIT	45.283	53
sp|Q90W98|VKT4_PSETT	43.103	58
sp|Q589G4|VKT19_ANOSM	39.344	61
sp|O54819|TFPI1_MOUSE	46.154	52
sp|O54819|TFPI1_MOUSE	45.283	53
sp|O54819|TFPI1_MOUSE	47.059	51
sp|E5AJX3|VKT_VIPNI	45.283	53
sp|P00994|ISIK_HELPO	45.283	53
sp|Q6ITB1|VKT_PSEPO	43.103	58
sp|Q6ITB0|VKT1_TROCA	43.103	58
sp|P10646|TFPI1_HUMAN	42.593	54
sp|P10646|TFPI1_HUMAN	47.170	53
sp|P10646|TFPI1_HUMAN	47.170	53
sp|Q8WPI2|KUNIH_RHIMP	50.000	56
sp|Q8WPI2|KUNIH_RHIMP	37.037	54
sp|A6MFL4|VKT4_DEMVE	44.828	58
sp|C0HLB2|VKT_PSEPC	44.643	56
sp|Q02388|CO7A1_HUMAN	51.852	54
sp|C1IC52|VKT2_WALAE	40.678	59
sp|P0DKL8|VKT_VIPRE	48.077	52
sp|B5L5R1|IVBI5_PSEPO	43.103	58
sp|P0DJ47|VKT12_OLIMR	49.057	53
sp|Q8WPI3|KUNIG_RHIMP	50.000	56
sp|Q8WPI3|KUNIG_RHIMP	37.037	54
sp|B5L5R0|IVBI4_PSEPO	43.103	58
sp|B5G6G6|VKT2_PSEPO	43.103	58
sp|P0DN07|VKT4_ANEVI	52.941	51
sp|Q29428|TKDP1_SHEEP	48.077	52
sp|Q8TEU8|WFKN2_HUMAN	50.980	51
sp|Q8TEU8|WFKN2_HUMAN	39.216	51
sp|P0DN15|VKTB_ANEVI	50.000	52
sp|A8Y7N9|VKTC6_DABSI	46.429	56
sp|B5KF94|VKT1_HOPST	44.828	58
sp|A0A1Z0YU59|MAMB1_DENAN	45.283	53
sp|Q90W96|VKT6_PSETT	41.379	58
sp|I2G9B4|VKT_MACLN	45.283	53
sp|C1IC51|VKT3_WALAE	40.678	59
sp|Q7LZE3|VKTHE_DENAN	48.077	52
sp|P00984|VKTE_DENPO	48.077	52
sp|Q90W99|VKT3_PSETT	48.077	52
sp|F6ULY1|WFC6B_MOUSE	47.273	55
sp|Q63870|CO7A1_MOUSE	48.214	56
sp|A8Y7P5|VKTB5_DABSI	41.071	56
sp|P24541|VKT_ERIMA	48.077	52
sp|F8J2F4|VKT16_DRYCN	41.379	58
sp|A8Y7P1|VKTB1_DABSI	41.071	56
sp|Q7LZS8|VKTRE_DENAN	48.077	52
sp|P0DMJ6|VKT12_DENAN	48.077	52
sp|P26228|SBPI_SARBU	42.857	56
sp|Q6ITB8|VKT4_PSEAU	41.379	58
sp|B5KL40|VKT3_AUSSU	41.379	58
sp|Q8R0S6|WFKN1_MOUSE	49.057	53
sp|Q8R0S6|WFKN1_MOUSE	36.170	47
sp|Q08E66|WFKN2_BOVIN	48.077	52
sp|Q08E66|WFKN2_BOVIN	39.655	58
sp|A7X3V4|VKT1_TELDH	44.643	56
sp|Q4KUS1|WFDC8_MOUSE	50.877	57
sp|E7FL12|VKT2_PSERS	39.655	58
sp|C1IC53|VKT4_WALAE	45.455	55
sp|B5KL34|VKT3_CRYNI	44.828	58
sp|C0HLA5|MAMB2_DENVI	45.283	53
sp|P0DQQ9|VKT1_PALCA	43.137	51
sp|Q6ITC1|VKTH1_PSEAU	41.379	58
sp|Q02445|TFPI1_RAT	47.170	53
sp|Q02445|TFPI1_RAT	40.385	52
sp|Q02445|TFPI1_RAT	50.980	51
sp|P0DMW6|VKT3A_ACTEQ	49.057	53
sp|B5L5Q8|VKT5_PSEAU	39.655	58
sp|B5KL38|VKT1_AUSSU	39.655	58
sp|Q28864|TFPI1_MACMU	40.741	54
sp|Q28864|TFPI1_MACMU	45.283	53
sp|Q28864|TFPI1_MACMU	47.170	53
sp|Q28201|TKDP1_BOVIN	46.154	52
sp|B2BS84|VKT_AUSLA	47.170	53
sp|B2BS84|VKT_AUSLA	45.283	53
sp|P0DQR1|VKT3_PALCA	43.137	51
sp|B5KL41|VKT4_AUSSU	46.154	52
sp|P0DMW7|VKT3B_ACTEQ	46.296	54
sp|E7FL11|VKT1_PSERS	41.379	58
sp|P0C5J5|WFKN1_RAT	47.170	53
sp|P0C5J5|WFKN1_RAT	36.170	47
sp|P82968|MCPI_MELCP	45.455	55
sp|P00986|VKT2_NAJNI	43.396	53
sp|Q29143|ELAC_TRIVU	45.283	53
sp|A7X3V7|VKT1_PHIOL	49.020	51
sp|D8KY58|VKT_BOMTE	46.552	58
sp|P0DN16|VKTC_ANEVI	50.000	52
sp|C0HLA6|MAMB3_DENPO	43.396	53
sp|Q3UW55|WFC6A_MOUSE	47.170	53
sp|B5KL37|VKT6_CRYNI	45.283	53
sp|B1B5I8|VKT3_STIHA	44.828	58
sp|C0HLA7|MAMB4_DENVI	43.396	53
sp|P81162|CRPTI_RHIMP	41.176	51
sp|A5X2X1|VKT_SISCA	46.154	52
sp|B5KL32|VKT3_NOTSC	39.655	58
sp|B5L5R7|VKT2_HOPST	39.655	58
sp|Q9BDL1|EPPI_MACMU	39.623	53
sp|Q6ITC0|VKT2_PSEAU	39.655	58
sp|P00978|AMBP_BOVIN	43.103	58
sp|P00978|AMBP_BOVIN	39.655	58
sp|D5J9Q8|VKT5_BUNFL	39.655	58
sp|B5L5Q6|VKT5_OXYMI	50.000	46
sp|E7FL13|VKT3_PSERS	39.655	58
sp|Q6NUX0|WFKN_DANRE	48.077	52
sp|Q6NUX0|WFKN_DANRE	35.849	53
sp|P49223|SPIT3_HUMAN	40.385	52
sp|Q5IS80|A4_PANTR	52.273	44
sp|P79307|A4_PIG	52.273	44
sp|P08592|A4_RAT	52.273	44
sp|P53601|A4_MACFA	52.273	44
sp|P05067|A4_HUMAN	52.273	44
sp|Q95241|A4_SAISC	52.273	44
sp|Q9DA01|EPPI_MOUSE	41.818	55
sp|B5KL31|VKT3_PSEPO	39.655	58
sp|B2KTG1|VKT_BUNFA	43.396	53
sp|D4A2Z2|EPPI_RAT	43.636	55
sp|O95925|EPPI_HUMAN	41.509	53
sp|O93279|A4_TAKRU	44.231	52
sp|P12023|A4_MOUSE	52.273	44
sp|A6MGX9|VKT5_DEMVE	39.655	58
sp|P0DJ48|VKT23_LYCMC	45.283	53
sp|P0DJ49|VKT24_OLIMR	45.098	51
sp|H6VC06|VKTK2_DABRR	48.077	52
sp|A6MFL1|VKT1_DEMVE	39.655	58
sp|H2A0N9|KCP4_PINMG	45.763	59
sp|P00985|VKT2_HEMHA	43.396	53
sp|Q60495|A4_CAVPO	50.000	44
sp|P0DMX0|VKT3_ANTAF	40.351	57
sp|Q868Z9|PPN_DROME	48.077	52
sp|Q868Z9|PPN_DROME	45.000	60
sp|Q868Z9|PPN_DROME	47.273	55
sp|Q868Z9|PPN_DROME	41.509	53
sp|Q868Z9|PPN_DROME	39.286	56
sp|Q868Z9|PPN_DROME	35.185	54
sp|Q868Z9|PPN_DROME	39.623	53
sp|Q868Z9|PPN_DROME	35.593	59
sp|Q868Z9|PPN_DROME	36.842	57
sp|Q868Z9|PPN_DROME	38.462	52
sp|Q868Z9|PPN_DROME	30.159	63
sp|Q868Z9|PPN_DROME	41.176	51
sp|C0HLA8|MAMB5_DENJA	41.509	53
sp|P15943|APLP2_RAT	47.727	44
sp|P16044|IBPI_TACTR	47.059	51
sp|P00982|VKTHD_DENAN	44.444	54
sp|P00975|IBPS_BOVIN	41.509	53
sp|Q06481|APLP2_HUMAN	47.727	44
sp|Q9WU03|SPIT2_MOUSE	46.429	56
sp|Q9WU03|SPIT2_MOUSE	45.283	53
sp|A0A6P8HC43|ATPI1_ACTTE	49.057	53
sp|A0A6P8HC43|ATPI1_ACTTE	45.614	57
sp|A0A6P8HC43|ATPI1_ACTTE	40.351	57
sp|A0A6P8HC43|ATPI1_ACTTE	49.057	53
sp|B6RLX2|VKTCT_OPHHA	43.396	53
sp|O76840|PPN1_CAEEL	45.000	60
sp|O76840|PPN1_CAEEL	41.935	62
sp|O76840|PPN1_CAEEL	39.286	56
sp|O76840|PPN1_CAEEL	41.379	58
sp|O76840|PPN1_CAEEL	35.593	59
sp|O76840|PPN1_CAEEL	35.714	56
sp|O76840|PPN1_CAEEL	36.538	52
sp|O76840|PPN1_CAEEL	43.137	51
sp|O76840|PPN1_CAEEL	38.182	55
sp|O76840|PPN1_CAEEL	44.643	56
sp|O76840|PPN1_CAEEL	45.946	37
sp|A8Y7N5|VKTC2_DABSI	46.154	52
sp|C0HLA9|MAMB6_DENVI	41.509	53
sp|P00990|VKT2_DABSI	46.154	52
sp|P04815|BPT2_BOVIN	41.509	53
sp|A8Y7P4|VKTB4_DABSI	46.154	52
sp|P25660|VKT9_BUNFA	42.857	56
sp|O62845|ELAC_NOTEU	41.509	53
sp|B5L5R6|IVBI3_HOPST	43.103	58
sp|P20229|VKTTI_NAJNA	42.308	52
sp|A8Y7P6|VKTB6_DABSI	45.283	53
sp|Q5ZPJ7|VKT_NAJAT	38.983	59
sp|Q964Q0|IXOSP_IXOSC	47.059	51
sp|P82966|VKTCI_OPHHA	41.509	53
sp|Q64240|AMBP_RAT	45.098	51
sp|Q64240|AMBP_RAT	40.741	54
sp|P0DJ46|VKT21_LYCMC	45.283	53
sp|Q07456|AMBP_MOUSE	45.098	51
sp|Q07456|AMBP_MOUSE	39.344	61
sp|G3LH89|VKT_BOMIG	43.137	51
sp|Q2ES50|VKT1_DABRR	46.154	52
sp|A8Y7P0|VKTB7_DABSI	46.154	52
sp|F8J2F6|VKT18_DRYCN	39.655	58
sp|P10831|ISC1_BOMMO	43.478	46
sp|B2ZBB6|VKT11_CYRSC	43.636	55
sp|P68425|VKT1A_CYRSC	43.636	55
sp|P00974|BPT1_BOVIN	41.509	53
sp|Q62577|AMBP_MERUN	45.098	51
sp|Q62577|AMBP_MERUN	38.889	54
sp|P16344|VKT2A_RADCR	44.444	54
sp|C8YJ94|KUN2_TABYA	42.308	52
sp|B4ESA3|VKT2L_BUNMU	41.379	58
sp|Q60559|AMBP_MESAU	45.098	51
sp|Q60559|AMBP_MESAU	38.889	54
sp|P86959|KCP1_PINMA	45.455	55
sp|B5L5Q3|IVBS5_OXYSC	47.826	46
sp|O43291|SPIT2_HUMAN	44.828	58
sp|O43291|SPIT2_HUMAN	41.071	56
sp|H2A0M2|KCP1_PINMG	47.059	51
sp|P0DJ45|VKT22_LYCMC	45.283	53
sp|A6MFL2|VKT2_DEMVE	37.931	58
sp|C8YJ95|KUN3_TABYA	40.385	52
sp|P10832|ISC2_BOMMO	43.478	46
sp|B5L5Q1|VKT7_PSETT	37.931	58
sp|Q90W97|VKT5_PSETT	37.931	58
sp|C1IBY4|KUN1_TABYA	40.385	52
sp|Q1RPS8|VKTH6_BUNMU	37.288	59
sp|P0DJ76|VKT4_CYRSC	41.818	55
sp|Q2UY09|COSA1_HUMAN	37.255	51
sp|P02760|AMBP_HUMAN	43.137	51
sp|P02760|AMBP_HUMAN	40.741	54
sp|Q8AY41|VKTC_BUNCA	39.655	58
sp|M9PE65|AXO_DROME	41.176	51
sp|Q8AY42|VKTB_BUNCA	41.509	53
sp|A8Y7N4|VKTC1_DABSI	43.396	53
sp|H6VC05|VKTK1_DABRR	43.396	53
sp|Q29100|UPTI_PIG	42.308	52
sp|O43278|SPIT1_HUMAN	40.323	62
sp|O43278|SPIT1_HUMAN	38.889	54
sp|P19859|VKTCI_NAJNA	39.623	53
sp|A8Y7N8|VKTC5_DABSI	44.231	52
sp|Q1RPS9|VKTH5_BUNMU	41.176	51
sp|A8Y7P3|VKTB3_DABSI	44.231	52
sp|A8Y7P2|VKTB2_DABSI	44.231	52
sp|Q2UY11|COSA1_MOUSE	35.294	51
sp|P0DQR0|VKT2_PALCA	35.294	51
sp|Q8AY43|VKTA_BUNCA	39.623	53
sp|P0DJ82|VKT27_CYRSC	41.818	55
sp|B4ESA4|VKT3L_BUNMU	39.623	53
sp|Q6UDR6|SPIT4_HUMAN	35.088	57
sp|O95428|PPN_HUMAN	43.137	51
sp|P00983|MAMB7_DENPO	41.176	51
sp|Q9R097|SPIT1_MOUSE	41.818	55
sp|Q9R097|SPIT1_MOUSE	40.816	49
sp|P0DMJ1|VKT39_CYRSC	42.857	56
sp|Q8IUA0|WFDC8_HUMAN	44.643	56
sp|C8YJ97|KUN5_TABYA	38.462	52
sp|P07481|ISC3_BOMMO	41.304	46
sp|C8YJ96|KUN4_TABYA	38.462	52
sp|Q9D263|SPIT4_MOUSE	39.216	51
sp|P0DJ85|VKT45_CYRSC	42.105	57
sp|Q9EPX2|PPN_MOUSE	43.137	51
sp|D2Y2Q1|VKTL1_CYRHA	41.818	55
sp|Q03610|YN81_CAEEL	42.308	52
sp|Q03610|YN81_CAEEL	48.649	37
sp|Q03610|YN81_CAEEL	42.105	57
sp|Q03610|YN81_CAEEL	41.463	41
sp|D2Y2Q8|VKTQ1_CYRHA	41.818	55
sp|P00979|VKTH1_DENPO	34.545	55
sp|Q8T0W4|VKT2_PIMHY	40.385	52
sp|O73683|A4_DICFU	38.462	52
sp|D2Y2Q9|VKTR1_CYRHA	41.071	56
sp|D2Y2Q5|VKTN1_CYRHA	41.818	55
sp|D2Y2Q7|VKTP1_CYRHA	41.818	55
sp|C0HK72|3API_HETMG	53.846	52
sp|C0HJU7|VKT2G_RADCR	53.846	52
sp|D2Y2G1|VKTJ1_CYRHA	41.818	55
sp|P0DJ84|VKT40_CYRSC	41.818	55
sp|D2Y2Q2|VKTM1_CYRHA	41.818	55
sp|P0DJ71|VKT35_CYRHA	41.071	56
sp|D2Y2F5|VKT4_CYRHA	41.071	56
sp|P0DV05|VKT2O_RADCR	50.943	53
sp|B2KTG2|VKTH1_BUNFA	40.426	47
sp|P0DJ72|VKT68_CYRHA	41.071	56
sp|D2Y2F6|VKTE1_CYRHA	41.071	56
sp|P0DJ64|VKT31_CYRHA	41.071	56
sp|D2Y2F3|VKT2_CYRHA	41.071	56
sp|P00980|VKTHA_DENAN	33.962	53
sp|P0DJ78|VKT6_CYRSC	41.071	56
sp|P0DJ75|VKT2_CYRSC	41.071	56
sp|B2ZBB8|VKT33_CYRSC	41.071	56
sp|P0DJ70|VKT53_CYRHA	41.071	56
sp|D2Y2C2|VKTA1_CYRHA	41.071	56
sp|P0DJ80|VKT22_CYRSC	39.655	58
sp|B2ZBB9|VKTG6_CYRSC	41.071	56
sp|B2ZBC0|VKTG9_CYRSC	41.071	56
sp|P81658|VKTHC_DENAN	35.294	51
sp|D2Y2G0|VKTI1_CYRHA	41.071	56
sp|P0DJ67|VKT34_CYRHA	41.071	56
sp|D2Y2F4|VKTC1_CYRHA	41.071	56
sp|Q8AY46|VKTHB_BUNCA	38.462	52
sp|D2Y2F8|VKTG1_CYRHA	39.286	56
sp|P0DJ73|VKT74_CYRHA	42.593	54
sp|D2Y2F7|VKTF1_CYRHA	42.593	54
sp|P00987|VKTH1_BUNMU	38.462	52
sp|B2KTG3|VKTH2_BUNFA	40.426	47
sp|H2A0N5|KCP3_PINMG	41.860	43
sp|H2A0N5|KCP3_PINMG	36.111	36
sp|C0LNR2|VKT_VESBI	36.538	52
sp|Q1RPT0|VKTH4_BUNMU	36.538	52
sp|Q8AY45|VKBH2_BUNCA	37.255	51
sp|P00989|VKTH2_BUNMU	36.538	52
sp|Q8AY44|VKTH7_BUNCA	37.255	51
sp|Q75S50|VKTH3_BUNCA	37.255	51
sp|Q7T2Q6|VKTHB_BUNFL	36.170	47
sp|P86964|KCP3_PINMA	41.860	43
sp|P86964|KCP3_PINMA	35.185	54
sp|P0CY85|VKTB1_CONBU	37.736	53
sp|Q5VJG2|KUNI_AMBHE	32.203	59
sp|Q5VJG2|KUNI_AMBHE	52.273	44
sp|Q9W728|VKTH3_BUNMU	38.298	47
sp|A0A1D0BND9|TD1A_HADIN	36.585	41
sp|A0A1D0BND9|TD1A_HADIN	36.207	58
sp|D2Y2Q6|VKTO1_CYRHA	40.000	55
sp|P0DJ65|VKT7_CYRHA	37.931	58
sp|D2Y2F9|VKTH1_CYRHA	37.931	58
sp|Q0PL65|VKTH7_BUNMU	36.538	52
sp|G9I929|VKTA_MICTN	35.417	48
sp|P0DJ68|VKT45_CYRHA	39.286	56
sp|D2Y2G2|VKTK1_CYRHA	39.286	56
sp|P0DV04|VKT2N_RADCR	48.148	54
sp|P0DJ81|VKT24_CYRSC	39.286	56
sp|I6VXS1|KUN2_RHIHE	51.429	35
sp|H2A0P0|KCP5_PINMG	34.426	61
sp|H2A0P0|KCP5_PINMG	35.849	53
sp|P11424|IMAP_DROFU	38.095	42
sp|H2A0N1|KCP2_PINMG	44.898	49
sp|H2A0N1|KCP2_PINMG	36.000	50
sp|C0HLB0|MAMB9_DENVI	39.216	51
sp|B4ESA2|VKT1L_BUNMU	35.417	48
sp|Q2ES49|VKT2_DABRR	32.759	58
sp|A0A6B7FBD3|VKT2I_RADCR	45.455	55
sp|Q9BQY6|WFDC6_HUMAN	42.424	33
sp|P0C1X2|VKTS1_CONST	33.333	57
sp|Q7Z1K3|ANIS1_ANISI	38.596	57
sp|P81129|VKT2_STIHL	43.396	53
sp|P31713|VKT1_STIHL	43.396	53
sp|Q09JW6|KUNI_ARGMO	47.368	38
sp|P86963|KCP2_PINMA	33.333	42
sp|D9IFL3|KUN1_RHIHE	30.909	55
sp|P0DJ79|VKT13_CYRSC	39.655	58
sp|O43278|SPIT1_HUMAN	100.000	60
sp|O43278|SPIT1_HUMAN	47.273	55
sp|Q9R097|SPIT1_MOUSE	88.333	60
sp|Q9R097|SPIT1_MOUSE	47.273	55
sp|O43291|SPIT2_HUMAN	57.895	57
sp|O43291|SPIT2_HUMAN	55.556	54
sp|Q9WU03|SPIT2_MOUSE	53.448	58
sp|Q9WU03|SPIT2_MOUSE	51.724	58
sp|B2BS84|VKT_AUSLA	56.364	55
sp|B2BS84|VKT_AUSLA	45.098	51
sp|P00993|IBP_CARCR	48.148	54
sp|P81902|CSTI_BOMMO	52.941	51
sp|Q6ITB9|VKT3_PSEAU	45.455	55
sp|Q9TWG0|VKT1_ANESU	50.980	51
sp|Q6ITB6|VKT2_OXYSC	45.455	55
sp|Q6ITB4|VKT2_OXYMI	45.455	55
sp|Q90WA1|VKT1_PSETT	45.455	55
sp|P0DN06|VKT1A_ANEVI	50.980	51
sp|P0C8W3|VKT11_HOFGE	47.273	55
sp|Q9TWF9|VKT2_ANESU	47.059	51
sp|B7S4N9|VKT_OXYSC	42.857	56
sp|P0DN12|VKT8_ANEVI	47.059	51
sp|Q6ITB5|VKT1_OXYMI	45.455	55
sp|P84875|PCPI_SABMA	48.214	56
sp|P84875|PCPI_SABMA	39.394	66
sp|P84875|PCPI_SABMA	40.909	44
sp|Q6T6S5|VKT2_BITGA	47.170	53
sp|Q6ITB7|VKT1_OXYSC	43.636	55
sp|Q90WA0|VKT2_PSETT	45.455	55
sp|P00978|AMBP_BOVIN	45.614	57
sp|P00978|AMBP_BOVIN	42.500	40
sp|B6ZIW0|KUN_HAELO	45.455	55
sp|B6ZIW0|KUN_HAELO	41.071	56
sp|B5KL38|VKT1_AUSSU	43.396	53
sp|Q06481|APLP2_HUMAN	40.741	54
sp|P15943|APLP2_RAT	42.308	52
sp|P0DMW7|VKT3B_ACTEQ	42.857	56
sp|P0DMW6|VKT3A_ACTEQ	42.857	56
sp|P0DMJ2|VKT3C_ACTEQ	49.020	51
sp|P79307|A4_PIG	48.980	49
sp|B1B5I8|VKT3_STIHA	49.020	51
sp|P0DN13|VKT9_ANEVI	50.980	51
sp|P08592|A4_RAT	48.980	49
sp|O93279|A4_TAKRU	43.137	51
sp|Q5IS80|A4_PANTR	48.980	49
sp|Q95241|A4_SAISC	48.980	49
sp|P53601|A4_MACFA	48.980	49
sp|Q60495|A4_CAVPO	48.980	49
sp|P0DN15|VKTB_ANEVI	47.170	53
sp|P0DN07|VKT4_ANEVI	49.020	51
sp|P12023|A4_MOUSE	48.980	49
sp|P05067|A4_HUMAN	50.000	46
sp|Q9TWF8|VKT3_ANESU	49.020	51
sp|Q62577|AMBP_MERUN	44.068	59
sp|Q62577|AMBP_MERUN	42.500	40
sp|P81547|VKT1_ANTAF	46.154	52
sp|P0DQQ9|VKT1_PALCA	43.137	51
sp|Q868Z9|PPN_DROME	51.923	52
sp|Q868Z9|PPN_DROME	43.636	55
sp|Q868Z9|PPN_DROME	42.593	54
sp|Q868Z9|PPN_DROME	43.103	58
sp|Q868Z9|PPN_DROME	43.137	51
sp|Q868Z9|PPN_DROME	35.185	54
sp|Q868Z9|PPN_DROME	39.130	46
sp|Q868Z9|PPN_DROME	34.545	55
sp|Q868Z9|PPN_DROME	31.373	51
sp|Q868Z9|PPN_DROME	34.615	52
sp|Q868Z9|PPN_DROME	31.481	54
sp|Q868Z9|PPN_DROME	32.075	53
sp|A0A6P8HC43|ATPI1_ACTTE	43.860	57
sp|A0A6P8HC43|ATPI1_ACTTE	42.105	57
sp|A0A6P8HC43|ATPI1_ACTTE	38.596	57
sp|A0A6P8HC43|ATPI1_ACTTE	46.296	54
sp|P0DMX0|VKT3_ANTAF	41.071	56
sp|Q8WPI2|KUNIH_RHIMP	46.296	54
sp|Q8WPI2|KUNIH_RHIMP	39.286	56
sp|P02760|AMBP_HUMAN	42.373	59
sp|P02760|AMBP_HUMAN	42.500	40
sp|P24541|VKT_ERIMA	42.308	52
sp|Q8WPI3|KUNIG_RHIMP	46.296	54
sp|Q8WPI3|KUNIG_RHIMP	37.500	56
sp|Q964Q0|IXOSP_IXOSC	52.174	46
sp|Q9BDL1|EPPI_MACMU	41.071	56
sp|P0DN09|VKT5_ANEVI	47.059	51
sp|P0DMJ3|VKTI1_ANTFU	46.154	52
sp|C8YJ94|KUN2_TABYA	42.593	54
sp|P86862|VKT1_ANTEL	49.057	53
sp|C0HLB2|VKT_PSEPC	42.308	52
sp|P10280|VKT52_ANESU	47.059	51
sp|P0DN16|VKTC_ANEVI	47.170	53
sp|Q29100|UPTI_PIG	42.308	52
sp|B5KL37|VKT6_CRYNI	41.818	55
sp|P0DN11|VKT7_ANEVI	47.059	51
sp|P0DN08|VKT53_ANEVI	47.059	51
sp|F8J2F4|VKT16_DRYCN	41.509	53
sp|C8YJ95|KUN3_TABYA	40.741	54
sp|Q8T3S7|VKT1_ARAVE	44.444	54
sp|B5L5R0|IVBI4_PSEPO	43.396	53
sp|B5G6G6|VKT2_PSEPO	43.396	53
sp|Q96NZ8|WFKN1_HUMAN	50.943	53
sp|Q96NZ8|WFKN1_HUMAN	37.143	35
sp|O76840|PPN1_CAEEL	42.593	54
sp|O76840|PPN1_CAEEL	38.333	60
sp|O76840|PPN1_CAEEL	45.652	46
sp|O76840|PPN1_CAEEL	37.736	53
sp|O76840|PPN1_CAEEL	38.889	54
sp|O76840|PPN1_CAEEL	37.037	54
sp|O76840|PPN1_CAEEL	34.615	52
sp|O76840|PPN1_CAEEL	34.615	52
sp|O76840|PPN1_CAEEL	48.571	35
sp|O76840|PPN1_CAEEL	32.075	53
sp|O76840|PPN1_CAEEL	35.294	51
sp|B5M0W4|SV66_SIMVI	45.455	55
sp|Q6ITB1|VKT_PSEPO	43.396	53
sp|Q6ITB0|VKT1_TROCA	43.396	53
sp|Q60559|AMBP_MESAU	44.068	59
sp|Q60559|AMBP_MESAU	42.500	40
sp|A8Y7N9|VKTC6_DABSI	40.385	52
sp|P12111|CO6A3_HUMAN	41.071	56
sp|P00991|VKT1_VIPAA	42.308	52
sp|C1IBY4|KUN1_TABYA	40.741	54
sp|Q2ES47|VKT4_DABRR	40.741	54
sp|Q90W99|VKT3_PSETT	41.509	53
sp|P0DN14|VKTA_ANEVI	47.059	51
sp|Q07456|AMBP_MOUSE	40.678	59
sp|Q07456|AMBP_MOUSE	42.500	40
sp|P0DKL8|VKT_VIPRE	42.308	52
sp|P00974|BPT1_BOVIN	35.593	59
sp|P0DMJ5|VKT2E_RADCR	41.379	58
sp|B5L5Q8|VKT5_PSEAU	38.889	54
sp|Q3UW55|WFC6A_MOUSE	37.931	58
sp|Q90W98|VKT4_PSETT	42.308	52
sp|C0HMC7|KUN_HAEDO	41.818	55
sp|C0HMC7|KUN_HAEDO	41.071	56
sp|Q2ES46|VKT5_DABRR	40.385	52
sp|Q6ITC0|VKT2_PSEAU	42.308	52
sp|E7FL12|VKT2_PSERS	40.385	52
sp|P0DN17|VKTD_ANEVI	47.059	51
sp|W4VSH9|VKT1_TRILK	42.857	49
sp|W4VSH9|VKT1_TRILK	39.216	51
sp|P15989|CO6A3_CHICK	41.509	53
sp|P11424|IMAP_DROFU	54.762	42
sp|P81162|CRPTI_RHIMP	41.176	51
sp|P04815|BPT2_BOVIN	35.593	59
sp|P00975|IBPS_BOVIN	33.898	59
sp|B5KL40|VKT3_AUSSU	39.623	53
sp|Q64240|AMBP_RAT	40.678	59
sp|Q64240|AMBP_RAT	42.500	40
sp|B5L5R1|IVBI5_PSEPO	39.623	53
sp|C0HK74|3CPI_HETMG	43.396	53
sp|E5AJX3|VKT_VIPNI	38.333	60
sp|P0DN10|VKT6_ANEVI	45.098	51
sp|B5L5R7|VKT2_HOPST	40.385	52
sp|C0HJU6|VKT2F_RADCR	46.296	54
sp|B5KF96|VKT2_CRYNI	40.000	55
sp|Q4KUS1|WFDC8_MOUSE	37.931	58
sp|E7FL13|VKT3_PSERS	40.385	52
sp|P00992|VKT3_VIPAA	41.379	58
sp|O73683|A4_DICFU	39.286	56
sp|P0DJ49|VKT24_OLIMR	47.826	46
sp|G3LH89|VKT_BOMIG	41.071	56
sp|D5J9Q8|VKT5_BUNFL	44.444	54
sp|P0DMJ4|VKTI3_ANTFU	43.137	51
sp|O95925|EPPI_HUMAN	37.500	56
sp|C0HJF3|VKT2D_RADCR	44.444	54
sp|B5KL35|VKT4_CRYNI	40.000	55
sp|P00990|VKT2_DABSI	44.444	54
sp|F6ULY1|WFC6B_MOUSE	38.182	55
sp|I2G9B4|VKT_MACLN	38.333	60
sp|D4A2Z2|EPPI_RAT	40.741	54
sp|F8J2F5|VKT87_DRYCN	37.736	53
sp|A8Y7P6|VKTB6_DABSI	44.444	54
sp|P0DJ50|VKT31_OLIMR	41.176	51
sp|Q2ES50|VKT1_DABRR	44.444	54
sp|A8Y7P0|VKTB7_DABSI	44.444	54
sp|P00976|IBPC_BOVIN	35.088	57
sp|Q8R0S6|WFKN1_MOUSE	47.170	53
sp|A8Y7N8|VKTC5_DABSI	42.308	52
sp|D8KY58|VKT_BOMTE	41.071	56
sp|A8Y7N4|VKTC1_DABSI	42.308	52
sp|H6VC05|VKTK1_DABRR	42.308	52
sp|Q28201|TKDP1_BOVIN	37.255	51
sp|Q6T6T5|VKT1_BITGA	39.623	53
sp|P0C5J5|WFKN1_RAT	45.283	53
sp|Q6ITB2|VKT2_NOTSC	38.182	55
sp|P16044|IBPI_TACTR	40.741	54
sp|B5L5R4|IVBI4_NOTSC	40.385	52
sp|Q6ITB3|VKT1_NOTSC	39.623	53
sp|B5KL33|VKT2_TROCA	39.623	53
sp|B5KL30|VKT4_OXYSC	39.623	53
sp|C1IC53|VKT4_WALAE	42.308	52
sp|P68425|VKT1A_CYRSC	41.509	53
sp|Q29428|TKDP1_SHEEP	37.255	51
sp|B2ZBB6|VKT11_CYRSC	41.509	53
sp|O54819|TFPI1_MOUSE	43.396	53
sp|O54819|TFPI1_MOUSE	35.849	53
sp|O54819|TFPI1_MOUSE	30.769	52
sp|C8YJ97|KUN5_TABYA	38.889	54
sp|P0DJ46|VKT21_LYCMC	41.176	51
sp|P0DN18|VKTE_ANEVI	45.098	51
sp|F5GTK6|VKGUA_SIMGU	42.593	54
sp|Q02445|TFPI1_RAT	43.396	53
sp|Q02445|TFPI1_RAT	40.385	52
sp|Q02445|TFPI1_RAT	34.615	52
sp|O35536|TFPI2_MOUSE	38.596	57
sp|O35536|TFPI2_MOUSE	30.357	56
sp|P82968|MCPI_MELCP	46.939	49
sp|A5X2X1|VKT_SISCA	38.462	52
sp|A8Y7P3|VKTB3_DABSI	42.593	54
sp|P0DJ76|VKT4_CYRSC	41.509	53
sp|B5L5M7|IVBI_AUSSU	37.037	54
sp|C8YJ96|KUN4_TABYA	38.889	54
sp|Q28864|TFPI1_MACMU	41.071	56
sp|Q28864|TFPI1_MACMU	41.509	53
sp|Q28864|TFPI1_MACMU	31.481	54
sp|Q7YRQ8|TFPI2_BOVIN	42.105	57
sp|Q7YRQ8|TFPI2_BOVIN	32.692	52
sp|Q7YRQ8|TFPI2_BOVIN	30.556	36
sp|P0DJ45|VKT22_LYCMC	37.500	56
sp|A8Y7N6|VKTC3_DABSI	38.889	54
sp|H2A0N9|KCP4_PINMG	44.231	52
sp|A8Y7P2|VKTB2_DABSI	42.593	54
sp|B5KL39|VKT2_AUSSU	37.037	54
sp|B6RLX2|VKTCT_OPHHA	38.889	54
sp|F8J2F3|VKT28_DRYCN	38.462	52
sp|P10646|TFPI1_HUMAN	43.396	53
sp|P10646|TFPI1_HUMAN	39.623	53
sp|P10646|TFPI1_HUMAN	31.481	54
sp|P19761|TFPI1_RABIT	43.396	53
sp|P19761|TFPI1_RABIT	35.849	53
sp|P19761|TFPI1_RABIT	34.545	55
sp|A8Y7P4|VKTB4_DABSI	42.593	54
sp|H2A0M2|KCP1_PINMG	42.593	54
sp|B2G331|VKT2B_RADCR	39.655	58
sp|P0DJ48|VKT23_LYCMC	37.037	54
sp|B5KF95|VKT1_CRYNI	38.182	55
sp|B5KL36|VKT5_CRYNI	38.182	55
sp|C1IC52|VKT2_WALAE	39.623	53
sp|A6MFL4|VKT4_DEMVE	38.182	55
sp|Q7LZE3|VKTHE_DENAN	37.931	58
sp|P00984|VKTE_DENPO	37.931	58
sp|D2Y2Q9|VKTR1_CYRHA	43.396	53
sp|Q2ES48|VKT3_DABRR	37.037	54
sp|D2Y2Q2|VKTM1_CYRHA	43.396	53
sp|Q9GP15|IRCPI_IXORI	43.478	46
sp|D2Y2G1|VKTJ1_CYRHA	43.396	53
sp|P0DJ84|VKT40_CYRSC	43.396	53
sp|D2Y2Q7|VKTP1_CYRHA	43.396	53
sp|Q7TQN3|WFKN2_MOUSE	47.727	44
sp|Q7TQN3|WFKN2_MOUSE	33.333	51
sp|Q7LZS8|VKTRE_DENAN	37.931	58
sp|P0DMJ6|VKT12_DENAN	37.931	58
sp|P81548|VKT2_ANTAF	41.176	51
sp|Q9EPX2|PPN_MOUSE	43.396	53
sp|D2Y2Q8|VKTQ1_CYRHA	43.396	53
sp|O95428|PPN_HUMAN	41.509	53
sp|O62845|ELAC_NOTEU	37.255	51
sp|Q6ITB8|VKT4_PSEAU	40.385	52
sp|A8Y7N7|VKTC4_DABSI	35.714	56
sp|P48307|TFPI2_HUMAN	43.636	55
sp|P48307|TFPI2_HUMAN	32.692	52
sp|C0HJF4|VKT2C_RADCR	41.509	53
sp|C0HLA6|MAMB3_DENPO	41.818	55
sp|D2Y2Q1|VKTL1_CYRHA	43.396	53
sp|Q6ITC1|VKTH1_PSEAU	40.385	52
sp|Q08E66|WFKN2_BOVIN	47.727	44
sp|Q08E66|WFKN2_BOVIN	35.294	51
sp|P0DV06|VKT2P_RADCR	41.509	53
sp|Q9DA01|EPPI_MOUSE	37.037	54
sp|B2KTG1|VKT_BUNFA	40.385	52
sp|Q7T2Q6|VKTHB_BUNFL	40.909	44
sp|C0HLA5|MAMB2_DENVI	41.818	55
sp|H6VC06|VKTK2_DABRR	40.741	54
sp|A8Y7N5|VKTC2_DABSI	40.741	54
sp|C1IC51|VKT3_WALAE	39.623	53
sp|P26228|SBPI_SARBU	41.176	51
sp|B5KL29|VKT3_OXYSC	38.889	54
sp|B5KL27|VKT3_OXYMI	38.889	54
sp|P16344|VKT2A_RADCR	42.593	54
sp|C0HK73|3BPI_HETMG	40.385	52
sp|C0HLA7|MAMB4_DENVI	41.818	55
sp|Q90W96|VKT6_PSETT	38.462	52
sp|E7FL11|VKT1_PSERS	40.385	52
sp|P0DJ82|VKT27_CYRSC	39.623	53
sp|P86959|KCP1_PINMA	41.071	56
sp|P0DV04|VKT2N_RADCR	52.830	53
sp|B5KL32|VKT3_NOTSC	36.538	52
sp|P00994|ISIK_HELPO	33.962	53
sp|P49223|SPIT3_HUMAN	37.037	54
sp|P0DQR1|VKT3_PALCA	37.255	51
sp|Q8TEU8|WFKN2_HUMAN	47.727	44
sp|Q8TEU8|WFKN2_HUMAN	33.333	51
sp|A6MGX9|VKT5_DEMVE	35.849	53
sp|A0A1Z0YU59|MAMB1_DENAN	39.286	56
sp|A6MFL1|VKT1_DEMVE	35.849	53
sp|P0DV03|VKT2M_RADCR	39.623	53
sp|Q8AY42|VKTB_BUNCA	40.385	52
sp|P0DJ47|VKT12_OLIMR	37.255	51
sp|P25660|VKT9_BUNFA	38.462	52
sp|Q29143|ELAC_TRIVU	38.462	52
sp|D2Y2Q5|VKTN1_CYRHA	41.509	53
sp|B5KL41|VKT4_AUSSU	33.962	53
sp|A8Y7P1|VKTB1_DABSI	35.185	54
sp|P0DL86|VKT2H_RADCR	39.623	53
sp|C1IC50|VKT1_WALAE	37.736	53
sp|P0DMJ1|VKT39_CYRSC	41.509	53
sp|Q2UY09|COSA1_HUMAN	39.216	51
sp|Q8AY43|VKTA_BUNCA	38.462	52
sp|Q0PL65|VKTH7_BUNMU	35.714	56
sp|C0HLA8|MAMB5_DENJA	40.000	55
sp|D2Y2Q6|VKTO1_CYRHA	41.509	53
sp|B4ESA4|VKT3L_BUNMU	35.714	56
sp|B5KL34|VKT3_CRYNI	37.736	53
sp|A6MFL2|VKT2_DEMVE	35.849	53
sp|B5KL31|VKT3_PSEPO	38.462	52
sp|P20229|VKTTI_NAJNA	35.185	54
sp|Q6NUX0|WFKN_DANRE	43.182	44
sp|Q6NUX0|WFKN_DANRE	34.615	52
sp|C0HLA9|MAMB6_DENVI	39.286	56
sp|P81129|VKT2_STIHL	45.455	55
sp|A8Y7P5|VKTB5_DABSI	34.615	52
sp|P00985|VKT2_HEMHA	34.545	55
sp|A6MGY1|VKT7_DEMVE	37.736	53
sp|A6MFL3|VKT3_DEMVE	37.736	53
sp|B5KL28|VKT4_OXYMI	38.462	52
sp|P0DQR0|VKT2_PALCA	33.333	51
sp|A7X3V4|VKT1_TELDH	36.538	52
sp|Q5VJG2|KUNI_AMBHE	37.500	48
sp|Q5VJG2|KUNI_AMBHE	39.286	56
sp|Q1RPS9|VKTH5_BUNMU	35.714	56
sp|Q589G4|VKT19_ANOSM	30.769	52
sp|Q8IUA0|WFDC8_HUMAN	35.088	57
sp|A0A6B7FBD3|VKT2I_RADCR	49.091	55
sp|Q8T0W4|VKT2_PIMHY	37.255	51
sp|M9PE65|AXO_DROME	37.037	54
sp|Q5ZPJ7|VKT_NAJAT	35.185	54
sp|Q2UY11|COSA1_MOUSE	37.255	51
sp|P00979|VKTH1_DENPO	35.294	51
sp|P00980|VKTHA_DENAN	35.849	53
sp|B5L5Q6|VKT5_OXYMI	43.902	41
sp|P00986|VKT2_NAJNI	33.333	54
sp|B4ESA3|VKT2L_BUNMU	38.182	55
sp|Q90W97|VKT5_PSETT	34.615	52
sp|B2KTG2|VKTH1_BUNFA	35.294	51
sp|P0DJ71|VKT35_CYRHA	39.623	53
sp|D2Y2F5|VKT4_CYRHA	39.623	53
sp|P0DJ85|VKT45_CYRSC	39.286	56
sp|P0DJ64|VKT31_CYRHA	39.623	53
sp|D2Y2F3|VKT2_CYRHA	39.623	53
sp|Q1RPS8|VKTH6_BUNMU	35.185	54
sp|F8J2F6|VKT18_DRYCN	34.615	52
sp|Q03610|YN81_CAEEL	47.500	40
sp|Q03610|YN81_CAEEL	47.222	36
sp|Q03610|YN81_CAEEL	43.750	32
sp|Q03610|YN81_CAEEL	29.091	55
sp|Q63870|CO7A1_MOUSE	38.182	55
sp|P81658|VKTHC_DENAN	32.759	58
sp|P31713|VKT1_STIHL	47.170	53
sp|B2KTG3|VKTH2_BUNFA	34.615	52
sp|P0DJ70|VKT53_CYRHA	39.623	53
sp|D2Y2C2|VKTA1_CYRHA	39.623	53
sp|P0DJ78|VKT6_CYRSC	39.623	53
sp|P0DJ75|VKT2_CYRSC	39.623	53
sp|B2ZBB8|VKT33_CYRSC	39.623	53
sp|P0DJ80|VKT22_CYRSC	39.623	53
sp|P00982|VKTHD_DENAN	35.088	57
sp|D2Y2F8|VKTG1_CYRHA	39.623	53
sp|B4ESA2|VKT1L_BUNMU	32.692	52
sp|B5KF94|VKT1_HOPST	32.727	55
sp|Q02388|CO7A1_HUMAN	34.483	58
sp|P0DJ65|VKT7_CYRHA	39.623	53
sp|D2Y2F9|VKTH1_CYRHA	39.623	53
sp|P0DJ67|VKT34_CYRHA	39.623	53
sp|D2Y2F4|VKTC1_CYRHA	39.623	53
sp|H2A0N1|KCP2_PINMG	45.652	46
sp|Q8AY41|VKTC_BUNCA	37.037	54
sp|B2ZBC0|VKTG9_CYRSC	39.623	53
sp|A0A1D0BND9|TD1A_HADIN	41.026	39
sp|A0A1D0BND9|TD1A_HADIN	30.909	55
sp|A7X3V7|VKT1_PHIOL	37.255	51
sp|B2ZBB9|VKTG6_CYRSC	39.623	53
sp|P0DJ72|VKT68_CYRHA	37.736	53
sp|D2Y2F6|VKTE1_CYRHA	37.736	53
sp|P82966|VKTCI_OPHHA	33.333	54
sp|B5L5Q1|VKT7_PSETT	34.615	52
sp|P0DJ73|VKT74_CYRHA	39.216	51
sp|D2Y2F7|VKTF1_CYRHA	39.216	51
sp|Q6UDR6|SPIT4_HUMAN	35.185	54
sp|Q9D263|SPIT4_MOUSE	33.962	53
sp|B5L5Q3|IVBS5_OXYSC	41.463	41
sp|P19859|VKTCI_NAJNA	32.692	52
sp|H2A0P0|KCP5_PINMG	36.170	47
sp|H2A0P0|KCP5_PINMG	31.429	35
sp|C0LNR2|VKT_VESBI	31.373	51
sp|P0DJ81|VKT24_CYRSC	42.000	50
sp|P0DJ68|VKT45_CYRHA	37.736	53
sp|D2Y2G2|VKTK1_CYRHA	37.736	53
sp|Q8AY44|VKTH7_BUNCA	42.857	35
sp|Q75S50|VKTH3_BUNCA	42.857	35
sp|P07481|ISC3_BOMMO	34.694	49
sp|P0CY85|VKTB1_CONBU	38.462	39
sp|B5L5R6|IVBI3_HOPST	32.727	55
sp|Q09JW6|KUNI_ARGMO	40.351	57
sp|D2Y2G0|VKTI1_CYRHA	37.736	53
sp|H2A0N5|KCP3_PINMG	36.111	36
sp|H2A0N5|KCP3_PINMG	35.185	54
sp|P10831|ISC1_BOMMO	34.091	44
sp|P86964|KCP3_PINMA	36.111	36
sp|P86964|KCP3_PINMA	35.185	54
sp|Q9BQY6|WFDC6_HUMAN	44.828	29
sp|D9IFL3|KUN1_RHIHE	42.857	42
sp|P00989|VKTH2_BUNMU	40.000	35
sp|Q1RPT0|VKTH4_BUNMU	40.000	35
sp|Q8AY46|VKTHB_BUNCA	42.857	35
sp|Q8AY45|VKBH2_BUNCA	40.000	35
sp|Q2ES49|VKT2_DABRR	28.846	52
sp|D2Y488|VKT1A_CONCL	32.075	53
sp|I6VXS1|KUN2_RHIHE	38.889	36
sp|P00987|VKTH1_BUNMU	42.857	35
sp|P10832|ISC2_BOMMO	34.091	44
sp|Q9W728|VKTH3_BUNMU	40.000	35
sp|Q7Z1K3|ANIS1_ANISI	38.889	36
sp|P00983|MAMB7_DENPO	35.556	45
sp|C0HK72|3API_HETMG	44.444	54
sp|C0HJU7|VKT2G_RADCR	44.444	54
sp|G9I929|VKTA_MICTN	28.889	45
sp|P0C1X2|VKTS1_CONST	38.889	36
sp|Q11101|YL15_CAEEL	32.432	37
sp|C0HLB0|MAMB9_DENVI	34.211	38
sp|P0DV05|VKT2O_RADCR	39.623	53
sp|P00974|BPT1_BOVIN	85.185	54
sp|P00975|IBPS_BOVIN	79.630	54
sp|P04815|BPT2_BOVIN	79.630	54
sp|Q29100|UPTI_PIG	61.111	54
sp|Q28201|TKDP1_BOVIN	57.407	54
sp|Q29428|TKDP1_SHEEP	55.556	54
sp|P00976|IBPC_BOVIN	50.000	54
sp|P0DMW6|VKT3A_ACTEQ	54.545	55
sp|P0DMW7|VKT3B_ACTEQ	52.727	55
sp|O62845|ELAC_NOTEU	49.091	55
sp|P0DMX0|VKT3_ANTAF	49.091	55
sp|A0A6P8HC43|ATPI1_ACTTE	54.545	55
sp|A0A6P8HC43|ATPI1_ACTTE	54.545	55
sp|A0A6P8HC43|ATPI1_ACTTE	52.727	55
sp|A0A6P8HC43|ATPI1_ACTTE	39.623	53
sp|P00993|IBP_CARCR	45.283	53
sp|F5GTK6|VKGUA_SIMGU	48.148	54
sp|Q6T6T5|VKT1_BITGA	46.296	54
sp|P00994|ISIK_HELPO	44.444	54
sp|P0DQQ9|VKT1_PALCA	47.059	51
sp|P0DJ50|VKT31_OLIMR	50.980	51
sp|A7X3V7|VKT1_PHIOL	49.020	51
sp|Q02445|TFPI1_RAT	50.000	54
sp|Q02445|TFPI1_RAT	43.636	55
sp|Q02445|TFPI1_RAT	40.385	52
sp|B5L5M7|IVBI_AUSSU	46.296	54
sp|Q29143|ELAC_TRIVU	47.273	55
sp|H2A0N9|KCP4_PINMG	52.941	51
sp|P0DMJ2|VKT3C_ACTEQ	47.273	55
sp|B5KL36|VKT5_CRYNI	44.444	54
sp|B5KF95|VKT1_CRYNI	44.444	54
sp|P19761|TFPI1_RABIT	51.852	54
sp|P19761|TFPI1_RABIT	43.636	55
sp|P19761|TFPI1_RABIT	45.283	53
sp|P0DN11|VKT7_ANEVI	47.059	51
sp|A6MFL4|VKT4_DEMVE	44.444	54
sp|Q08E66|WFKN2_BOVIN	50.000	52
sp|Q08E66|WFKN2_BOVIN	41.176	51
sp|Q28864|TFPI1_MACMU	50.000	54
sp|Q28864|TFPI1_MACMU	45.283	53
sp|Q28864|TFPI1_MACMU	43.636	55
sp|A6MFL3|VKT3_DEMVE	44.444	54
sp|A6MGY1|VKT7_DEMVE	44.444	54
sp|P0DN17|VKTD_ANEVI	47.059	51
sp|P79307|A4_PIG	47.727	44
sp|P08592|A4_RAT	47.727	44
sp|P81547|VKT1_ANTAF	47.059	51
sp|B7S4N9|VKT_OXYSC	44.444	54
sp|Q95241|A4_SAISC	47.727	44
sp|Q5IS80|A4_PANTR	47.727	44
sp|P53601|A4_MACFA	47.727	44
sp|P05067|A4_HUMAN	47.727	44
sp|Q7TQN3|WFKN2_MOUSE	50.000	52
sp|Q7TQN3|WFKN2_MOUSE	39.216	51
sp|B5KF96|VKT2_CRYNI	44.444	54
sp|P15943|APLP2_RAT	45.098	51
sp|Q06481|APLP2_HUMAN	45.098	51
sp|P12023|A4_MOUSE	47.727	44
sp|Q8WPI3|KUNIG_RHIMP	46.154	52
sp|Q8WPI3|KUNIG_RHIMP	48.000	50
sp|B2BS84|VKT_AUSLA	48.148	54
sp|B2BS84|VKT_AUSLA	39.623	53
sp|B5KF94|VKT1_HOPST	48.148	54
sp|A7X3V4|VKT1_TELDH	42.593	54
sp|Q6T6S5|VKT2_BITGA	44.444	54
sp|Q9TWG0|VKT1_ANESU	47.059	51
sp|Q60495|A4_CAVPO	45.455	44
sp|H2A0M2|KCP1_PINMG	48.148	54
sp|B5L5R0|IVBI4_PSEPO	44.444	54
sp|B5G6G6|VKT2_PSEPO	44.444	54
sp|O54819|TFPI1_MOUSE	46.296	54
sp|O54819|TFPI1_MOUSE	42.308	52
sp|O54819|TFPI1_MOUSE	40.385	52
sp|Q9BDL1|EPPI_MACMU	43.396	53
sp|P0DN06|VKT1A_ANEVI	47.059	51
sp|P10646|TFPI1_HUMAN	48.148	54
sp|P10646|TFPI1_HUMAN	43.636	55
sp|P10646|TFPI1_HUMAN	44.231	52
sp|Q07456|AMBP_MOUSE	51.111	45
sp|Q07456|AMBP_MOUSE	39.216	51
sp|Q6ITB1|VKT_PSEPO	44.444	54
sp|Q6ITB0|VKT1_TROCA	44.444	54
sp|Q8T3S7|VKT1_ARAVE	43.396	53
sp|P16044|IBPI_TACTR	45.098	51
sp|B5KL35|VKT4_CRYNI	42.593	54
sp|P0DMJ4|VKTI3_ANTFU	43.636	55
sp|P84875|PCPI_SABMA	44.444	54
sp|P84875|PCPI_SABMA	37.255	51
sp|P84875|PCPI_SABMA	35.294	51
sp|Q8WPI2|KUNIH_RHIMP	44.231	52
sp|Q8WPI2|KUNIH_RHIMP	48.000	50
sp|B5L5R4|IVBI4_NOTSC	42.593	54
sp|B2G331|VKT2B_RADCR	41.818	55
sp|A8Y7P6|VKTB6_DABSI	42.593	54
sp|O93279|A4_TAKRU	45.098	51
sp|Q2ES50|VKT1_DABRR	42.593	54
sp|A8Y7P0|VKTB7_DABSI	42.593	54
sp|A8Y7N5|VKTC2_DABSI	44.444	54
sp|Q8TEU8|WFKN2_HUMAN	49.020	51
sp|Q8TEU8|WFKN2_HUMAN	39.216	51
sp|Q9GP15|IRCPI_IXORI	44.444	54
sp|P00990|VKT2_DABSI	42.593	54
sp|F8J2F5|VKT87_DRYCN	44.444	54
sp|P0DN10|VKT6_ANEVI	45.098	51
sp|P0DN09|VKT5_ANEVI	45.098	51
sp|P10280|VKT52_ANESU	45.098	51
sp|Q2ES47|VKT4_DABRR	46.296	54
sp|A8Y7P2|VKTB2_DABSI	42.593	54
sp|C0HJU6|VKT2F_RADCR	42.308	52
sp|Q2ES46|VKT5_DABRR	46.296	54
sp|P00978|AMBP_BOVIN	51.111	45
sp|P00978|AMBP_BOVIN	37.255	51
sp|P26228|SBPI_SARBU	43.137	51
sp|C0HJF3|VKT2D_RADCR	43.396	53
sp|Q60559|AMBP_MESAU	43.396	53
sp|Q60559|AMBP_MESAU	39.216	51
sp|O43291|SPIT2_HUMAN	45.283	53
sp|O43291|SPIT2_HUMAN	35.849	53
sp|B6RLX2|VKTCT_OPHHA	44.444	54
sp|B5KL34|VKT3_CRYNI	42.593	54
sp|C0HK73|3BPI_HETMG	41.509	53
sp|Q64240|AMBP_RAT	46.667	45
sp|Q64240|AMBP_RAT	39.216	51
sp|B2KTG1|VKT_BUNFA	40.000	55
sp|H6VC06|VKTK2_DABRR	42.593	54
sp|P0DN08|VKT53_ANEVI	45.098	51
sp|Q9TWF9|VKT2_ANESU	45.098	51
sp|P0DN12|VKT8_ANEVI	45.098	51
sp|P86862|VKT1_ANTEL	43.396	53
sp|O95925|EPPI_HUMAN	43.396	53
sp|P02760|AMBP_HUMAN	47.727	44
sp|P02760|AMBP_HUMAN	39.216	51
sp|P0C8W3|VKT11_HOFGE	41.176	51
sp|P0DMJ5|VKT2E_RADCR	41.818	55
sp|P0DN14|VKTA_ANEVI	43.137	51
sp|A8Y7N4|VKTC1_DABSI	42.593	54
sp|H6VC05|VKTK1_DABRR	42.593	54
sp|Q90WA1|VKT1_PSETT	44.444	54
sp|B5KL33|VKT2_TROCA	40.741	54
sp|C0HLA5|MAMB2_DENVI	40.741	54
sp|P0DMJ3|VKTI1_ANTFU	43.636	55
sp|A8Y7N8|VKTC5_DABSI	42.593	54
sp|Q6ITB3|VKT1_NOTSC	40.741	54
sp|C0HJF4|VKT2C_RADCR	41.509	53
sp|Q62577|AMBP_MERUN	45.283	53
sp|Q62577|AMBP_MERUN	39.216	51
sp|P25660|VKT9_BUNFA	44.444	54
sp|Q6ITB9|VKT3_PSEAU	44.444	54
sp|A6MFL1|VKT1_DEMVE	42.593	54
sp|C0HK74|3CPI_HETMG	41.509	53
sp|C0HLA6|MAMB3_DENPO	40.741	54
sp|C0HLA7|MAMB4_DENVI	40.741	54
sp|Q6ITB7|VKT1_OXYSC	44.444	54
sp|Q90WA0|VKT2_PSETT	42.593	54
sp|A6MFL2|VKT2_DEMVE	42.593	54
sp|P0DV03|VKT2M_RADCR	41.509	53
sp|A8Y7P4|VKTB4_DABSI	40.741	54
sp|P0DV06|VKT2P_RADCR	41.509	53
sp|Q6ITB6|VKT2_OXYSC	44.444	54
sp|Q6ITB4|VKT2_OXYMI	44.444	54
sp|B5L5R6|IVBI3_HOPST	50.000	54
sp|A8Y7P3|VKTB3_DABSI	40.741	54
sp|B5KL30|VKT4_OXYSC	40.741	54
sp|B5KL39|VKT2_AUSSU	40.741	54
sp|A0A1Z0YU59|MAMB1_DENAN	40.741	54
sp|Q7YRQ8|TFPI2_BOVIN	47.170	53
sp|Q7YRQ8|TFPI2_BOVIN	43.636	55
sp|Q7YRQ8|TFPI2_BOVIN	30.909	55
sp|C0HLA9|MAMB6_DENVI	40.741	54
sp|A8Y7N9|VKTC6_DABSI	44.444	54
sp|P0DKL8|VKT_VIPRE	40.741	54
sp|A6MGX9|VKT5_DEMVE	42.593	54
sp|P81902|CSTI_BOMMO	46.296	54
sp|W4VSH9|VKT1_TRILK	43.396	53
sp|W4VSH9|VKT1_TRILK	38.182	55
sp|O76840|PPN1_CAEEL	43.396	53
sp|O76840|PPN1_CAEEL	41.818	55
sp|O76840|PPN1_CAEEL	39.623	53
sp|O76840|PPN1_CAEEL	34.615	52
sp|O76840|PPN1_CAEEL	37.037	54
sp|O76840|PPN1_CAEEL	38.095	63
sp|O76840|PPN1_CAEEL	37.255	51
sp|O76840|PPN1_CAEEL	33.962	53
sp|O76840|PPN1_CAEEL	40.541	37
sp|O76840|PPN1_CAEEL	30.769	52
sp|O76840|PPN1_CAEEL	34.091	44
sp|D5J9Q8|VKT5_BUNFL	37.037	54
sp|Q7LZS8|VKTRE_DENAN	43.396	53
sp|P0DMJ6|VKT12_DENAN	43.396	53
sp|P0DJ47|VKT12_OLIMR	43.137	51
sp|P81548|VKT2_ANTAF	41.509	53
sp|B6ZIW0|KUN_HAELO	42.308	52
sp|B6ZIW0|KUN_HAELO	43.137	51
sp|P49223|SPIT3_HUMAN	40.741	54
sp|P86959|KCP1_PINMA	44.444	54
sp|C1IC50|VKT1_WALAE	40.741	54
sp|C0HMC7|KUN_HAEDO	45.098	51
sp|C0HMC7|KUN_HAEDO	42.308	52
sp|Q90W98|VKT4_PSETT	42.593	54
sp|P0DJ45|VKT22_LYCMC	43.636	55
sp|C0HLB2|VKT_PSEPC	42.593	54
sp|D4A2Z2|EPPI_RAT	45.283	53
sp|P0DN07|VKT4_ANEVI	43.137	51
sp|Q6ITC1|VKTH1_PSEAU	42.593	54
sp|Q6ITB5|VKT1_OXYMI	42.593	54
sp|P82966|VKTCI_OPHHA	40.741	54
sp|P00985|VKT2_HEMHA	42.593	54
sp|P0DJ46|VKT21_LYCMC	43.636	55
sp|P0DN13|VKT9_ANEVI	45.098	51
sp|B5KL37|VKT6_CRYNI	40.741	54
sp|P12111|CO6A3_HUMAN	35.849	53
sp|Q6ITB8|VKT4_PSEAU	42.593	54
sp|C1IC53|VKT4_WALAE	38.182	55
sp|C0HLA8|MAMB5_DENJA	38.889	54
sp|B5KL31|VKT3_PSEPO	42.593	54
sp|B4ESA3|VKT2L_BUNMU	42.593	54
sp|P0DL86|VKT2H_RADCR	40.385	52
sp|D8KY58|VKT_BOMTE	40.741	54
sp|E7FL11|VKT1_PSERS	42.593	54
sp|Q9WU03|SPIT2_MOUSE	37.736	53
sp|Q9WU03|SPIT2_MOUSE	47.727	44
sp|P20229|VKTTI_NAJNA	40.741	54
sp|Q8AY43|VKTA_BUNCA	44.444	54
sp|Q9EPX2|PPN_MOUSE	42.593	54
sp|A5X2X1|VKT_SISCA	40.741	54
sp|P00991|VKT1_VIPAA	38.889	54
sp|F8J2F3|VKT28_DRYCN	40.741	54
sp|P15989|CO6A3_CHICK	35.849	53
sp|B1B5I8|VKT3_STIHA	44.444	54
sp|C8YJ94|KUN2_TABYA	41.176	51
sp|Q6ITC0|VKT2_PSEAU	38.889	54
sp|Q9TWF8|VKT3_ANESU	43.137	51
sp|Q90W99|VKT3_PSETT	40.741	54
sp|Q7LZE3|VKTHE_DENAN	41.509	53
sp|P00984|VKTE_DENPO	41.509	53
sp|C1IC52|VKT2_WALAE	40.741	54
sp|B5KL32|VKT3_NOTSC	40.741	54
sp|P24541|VKT_ERIMA	42.308	52
sp|Q9R097|SPIT1_MOUSE	39.623	53
sp|Q9R097|SPIT1_MOUSE	38.462	52
sp|O35536|TFPI2_MOUSE	43.396	53
sp|O35536|TFPI2_MOUSE	38.889	54
sp|Q5VJG2|KUNI_AMBHE	43.137	51
sp|Q5VJG2|KUNI_AMBHE	38.182	55
sp|O95428|PPN_HUMAN	40.741	54
sp|B5KL40|VKT3_AUSSU	38.889	54
sp|F6ULY1|WFC6B_MOUSE	45.283	53
sp|Q8AY42|VKTB_BUNCA	42.593	54
sp|F8J2F6|VKT18_DRYCN	42.593	54
sp|P0DJ48|VKT23_LYCMC	45.098	51
sp|Q8AY41|VKTC_BUNCA	40.741	54
sp|F8J2F4|VKT16_DRYCN	38.889	54
sp|B5L5Q8|VKT5_PSEAU	38.889	54
sp|B5L5R7|VKT2_HOPST	38.889	54
sp|E5AJX3|VKT_VIPNI	37.037	54
sp|P0DN18|VKTE_ANEVI	43.137	51
sp|B5KL41|VKT4_AUSSU	38.889	54
sp|P48307|TFPI2_HUMAN	47.170	53
sp|P48307|TFPI2_HUMAN	44.000	50
sp|P48307|TFPI2_HUMAN	32.759	58
sp|P0C5J5|WFKN1_RAT	41.509	53
sp|Q868Z9|PPN_DROME	39.623	53
sp|Q868Z9|PPN_DROME	38.182	55
sp|Q868Z9|PPN_DROME	41.176	51
sp|Q868Z9|PPN_DROME	36.538	52
sp|Q868Z9|PPN_DROME	35.849	53
sp|Q868Z9|PPN_DROME	37.931	58
sp|Q868Z9|PPN_DROME	37.255	51
sp|Q868Z9|PPN_DROME	36.538	52
sp|Q868Z9|PPN_DROME	33.333	51
sp|Q868Z9|PPN_DROME	34.545	55
sp|Q868Z9|PPN_DROME	40.909	44
sp|Q868Z9|PPN_DROME	32.075	53
sp|C1IC51|VKT3_WALAE	40.741	54
sp|O43278|SPIT1_HUMAN	37.736	53
sp|O43278|SPIT1_HUMAN	37.255	51
sp|P0DQR0|VKT2_PALCA	43.137	51
sp|B4ESA4|VKT3L_BUNMU	43.396	53
sp|B5M0W4|SV66_SIMVI	39.623	53
sp|E7FL12|VKT2_PSERS	38.889	54
sp|P00986|VKT2_NAJNI	40.741	54
sp|P0DN15|VKTB_ANEVI	45.098	51
sp|Q9DA01|EPPI_MOUSE	39.623	53
sp|Q6ITB2|VKT2_NOTSC	37.037	54
sp|C8YJ95|KUN3_TABYA	37.255	51
sp|D2Y488|VKT1A_CONCL	43.396	53
sp|P00992|VKT3_VIPAA	37.037	54
sp|C1IBY4|KUN1_TABYA	37.255	51
sp|Q3UW55|WFC6A_MOUSE	43.396	53
sp|P0DN16|VKTC_ANEVI	45.098	51
sp|B5L5R1|IVBI5_PSEPO	37.037	54
sp|Q6NUX0|WFKN_DANRE	39.216	51
sp|Q6NUX0|WFKN_DANRE	32.727	55
sp|Q96NZ8|WFKN1_HUMAN	41.509	53
sp|Q96NZ8|WFKN1_HUMAN	31.818	44
sp|I2G9B4|VKT_MACLN	37.037	54
sp|P82968|MCPI_MELCP	37.736	53
sp|Q5ZPJ7|VKT_NAJAT	38.889	54
sp|A8Y7N6|VKTC3_DABSI	37.037	54
sp|E7FL13|VKT3_PSERS	37.037	54
sp|A8Y7N7|VKTC4_DABSI	37.037	54
sp|G3LH89|VKT_BOMIG	36.364	55
sp|Q589G4|VKT19_ANOSM	36.364	55
sp|Q63870|CO7A1_MOUSE	40.000	55
sp|P0DJ49|VKT24_OLIMR	37.255	51
sp|B5KL38|VKT1_AUSSU	37.037	54
sp|P19859|VKTCI_NAJNA	37.037	54
sp|Q9D263|SPIT4_MOUSE	43.396	53
sp|Q90W96|VKT6_PSETT	38.889	54
sp|Q2ES48|VKT3_DABRR	37.037	54
sp|A8Y7P1|VKTB1_DABSI	37.037	54
sp|A8Y7P5|VKTB5_DABSI	37.037	54
sp|Q964Q0|IXOSP_IXOSC	42.593	54
sp|A0A1D0BND9|TD1A_HADIN	50.000	36
sp|A0A1D0BND9|TD1A_HADIN	33.962	53
sp|P00982|VKTHD_DENAN	38.182	55
sp|Q8R0S6|WFKN1_MOUSE	37.736	53
sp|P81162|CRPTI_RHIMP	33.333	51
sp|Q03610|YN81_CAEEL	42.308	52
sp|Q03610|YN81_CAEEL	35.185	54
sp|Q03610|YN81_CAEEL	35.135	37
sp|Q03610|YN81_CAEEL	37.838	37
sp|Q03610|YN81_CAEEL	33.929	56
sp|Q2UY09|COSA1_HUMAN	33.333	51
sp|Q02388|CO7A1_HUMAN	39.286	56
sp|B5KL29|VKT3_OXYSC	37.037	54
sp|B5KL27|VKT3_OXYMI	37.037	54
sp|C8YJ97|KUN5_TABYA	35.294	51
sp|P0DQR1|VKT3_PALCA	37.255	51
sp|B5L5Q1|VKT7_PSETT	37.037	54
sp|P16344|VKT2A_RADCR	35.849	53
sp|O73683|A4_DICFU	40.000	55
sp|B5KL28|VKT4_OXYMI	37.037	54
sp|C8YJ96|KUN4_TABYA	33.333	51
sp|B2ZBB6|VKT11_CYRSC	37.736	53
sp|P68425|VKT1A_CYRSC	37.736	53
sp|G9I929|VKTA_MICTN	36.364	55
sp|Q90W97|VKT5_PSETT	37.037	54
sp|H2A0N1|KCP2_PINMG	52.083	48
sp|H2A0N1|KCP2_PINMG	38.000	50
sp|P10832|ISC2_BOMMO	40.909	44
sp|C0HK72|3API_HETMG	44.231	52
sp|C0HJU7|VKT2G_RADCR	44.231	52
sp|Q2UY11|COSA1_MOUSE	31.373	51
sp|Q1RPS8|VKTH6_BUNMU	32.692	52
sp|P0DV05|VKT2O_RADCR	41.509	53
sp|Q1RPS9|VKTH5_BUNMU	32.692	52
sp|P0DJ76|VKT4_CYRSC	35.849	53
sp|Q6UDR6|SPIT4_HUMAN	45.714	35
sp|Q4KUS1|WFDC8_MOUSE	31.373	51
sp|P10831|ISC1_BOMMO	40.000	45
sp|P00983|MAMB7_DENPO	38.636	44
sp|H2A0N5|KCP3_PINMG	38.000	50
sp|H2A0N5|KCP3_PINMG	40.541	37
sp|H2A0P0|KCP5_PINMG	37.838	37
sp|H2A0P0|KCP5_PINMG	35.849	53
sp|P86964|KCP3_PINMA	38.000	50
sp|P86964|KCP3_PINMA	40.541	37
sp|P00979|VKTH1_DENPO	40.000	35
sp|P81129|VKT2_STIHL	41.509	53
sp|P00980|VKTHA_DENAN	40.000	35
sp|B2KTG2|VKTH1_BUNFA	40.741	54
sp|P0DJ82|VKT27_CYRSC	35.849	53
sp|I6VXS1|KUN2_RHIHE	35.294	51
sp|Q8T0W4|VKT2_PIMHY	36.364	55
sp|B5L5Q6|VKT5_OXYMI	36.000	50
sp|Q7T2Q6|VKTHB_BUNFL	35.294	51
sp|P81658|VKTHC_DENAN	27.778	54
sp|P0C1X2|VKTS1_CONST	35.185	54
sp|P11424|IMAP_DROFU	38.095	42
sp|P0CY85|VKTB1_CONBU	33.333	54
sp|P0DV04|VKT2N_RADCR	39.623	53
sp|D2Y2Q5|VKTN1_CYRHA	33.962	53
sp|D2Y2G1|VKTJ1_CYRHA	33.962	53
sp|P0DJ84|VKT40_CYRSC	33.962	53
sp|D2Y2Q9|VKTR1_CYRHA	33.962	53
sp|D2Y2Q7|VKTP1_CYRHA	33.962	53
sp|C0LNR2|VKT_VESBI	36.000	50
sp|D2Y2Q2|VKTM1_CYRHA	33.962	53
sp|Q0PL65|VKTH7_BUNMU	33.333	54
sp|Q9W728|VKTH3_BUNMU	31.373	51
sp|M9PE65|AXO_DROME	28.846	52
sp|Q8AY45|VKBH2_BUNCA	35.185	54
sp|Q1RPT0|VKTH4_BUNMU	35.185	54
sp|D2Y2Q8|VKTQ1_CYRHA	33.962	53
sp|P00989|VKTH2_BUNMU	36.000	50
sp|Q8MVC4|TFPIL_IXOSC	35.185	54
sp|Q8MVC4|TFPIL_IXOSC	35.714	42
sp|B2KTG3|VKTH2_BUNFA	37.037	54
sp|P0DMJ1|VKT39_CYRSC	30.189	53
sp|P07481|ISC3_BOMMO	34.091	44
sp|Q8AY46|VKTHB_BUNCA	29.787	47
sp|P00987|VKTH1_BUNMU	29.787	47
sp|B5L5Q3|IVBS5_OXYSC	34.000	50
sp|B2ZBC0|VKTG9_CYRSC	30.189	53
sp|D2Y2Q1|VKTL1_CYRHA	32.075	53
sp|Q11101|YL15_CAEEL	36.111	36
sp|C0HLB0|MAMB9_DENVI	36.364	44
sp|Q8AY44|VKTH7_BUNCA	34.000	50
sp|Q75S50|VKTH3_BUNCA	34.000	50
sp|P31713|VKT1_STIHL	35.849	53
sp|A0A6B7FBD3|VKT2I_RADCR	37.736	53
sp|Q2ES49|VKT2_DABRR	31.481	54
sp|Q7Z1K3|ANIS1_ANISI	29.730	37
sp|D2Y2G0|VKTI1_CYRHA	35.185	54
sp|P0DJ85|VKT45_CYRSC	30.189	53
sp|Q9BQY6|WFDC6_HUMAN	40.000	30
sp|D2Y2Q6|VKTO1_CYRHA	32.075	53
sp|D2Y2F8|VKTG1_CYRHA	30.189	53
sp|P86963|KCP2_PINMA	26.786	56
sp|D9IFL3|KUN1_RHIHE	33.929	56
sp|P0DJ71|VKT35_CYRHA	28.302	53
sp|D2Y2F5|VKT4_CYRHA	28.302	53
sp|P0DJ65|VKT7_CYRHA	28.302	53
sp|D2Y2F9|VKTH1_CYRHA	28.302	53
sp|P0DJ80|VKT22_CYRSC	28.302	53
sp|P0DJ72|VKT68_CYRHA	28.302	53
sp|D2Y2F6|VKTE1_CYRHA	28.302	53
sp|P0DJ70|VKT53_CYRHA	28.302	53
sp|D2Y2C2|VKTA1_CYRHA	28.302	53
sp|P0DJ78|VKT6_CYRSC	28.302	53
sp|P0DJ75|VKT2_CYRSC	28.302	53
sp|B2ZBB8|VKT33_CYRSC	28.302	53
sp|Q8IUA0|WFDC8_HUMAN	31.373	51
sp|P0DJ67|VKT34_CYRHA	28.302	53
sp|D2Y2F4|VKTC1_CYRHA	28.302	53
sp|A0A1Q1NL17|HA11_HYAAI	28.333	60
sp|Q09JW6|KUNI_ARGMO	29.412	51
sp|B4ESA2|VKT1L_BUNMU	31.373	51
sp|P02760|AMBP_HUMAN	96.296	54
sp|P02760|AMBP_HUMAN	43.182	44
sp|Q07456|AMBP_MOUSE	79.630	54
sp|Q07456|AMBP_MOUSE	43.182	44
sp|P00978|AMBP_BOVIN	86.275	51
sp|P00978|AMBP_BOVIN	42.000	50
sp|Q62577|AMBP_MERUN	77.778	54
sp|Q62577|AMBP_MERUN	42.000	50
sp|Q64240|AMBP_RAT	77.778	54
sp|Q64240|AMBP_RAT	44.000	50
sp|Q60559|AMBP_MESAU	75.926	54
sp|Q60559|AMBP_MESAU	44.000	50
sp|P12023|A4_MOUSE	57.778	45
sp|Q95241|A4_SAISC	55.556	45
sp|Q5IS80|A4_PANTR	55.556	45
sp|P79307|A4_PIG	55.556	45
sp|P53601|A4_MACFA	55.556	45
sp|P08592|A4_RAT	55.556	45
sp|P05067|A4_HUMAN	55.556	45
sp|Q08E66|WFKN2_BOVIN	47.170	53
sp|Q08E66|WFKN2_BOVIN	37.143	35
sp|Q06481|APLP2_HUMAN	59.091	44
sp|P15943|APLP2_RAT	59.091	44
sp|Q60495|A4_CAVPO	53.333	45
sp|Q8TEU8|WFKN2_HUMAN	47.170	53
sp|Q8TEU8|WFKN2_HUMAN	37.143	35
sp|Q7TQN3|WFKN2_MOUSE	47.170	53
sp|Q7TQN3|WFKN2_MOUSE	37.143	35
sp|C0HK73|3BPI_HETMG	54.167	48
sp|B2G331|VKT2B_RADCR	50.000	48
sp|P0DV03|VKT2M_RADCR	50.000	48
sp|Q6T6T5|VKT1_BITGA	48.000	50
sp|P12111|CO6A3_HUMAN	50.000	50
sp|C0HJF4|VKT2C_RADCR	50.000	48
sp|P0DL86|VKT2H_RADCR	50.000	48
sp|A6MFL3|VKT3_DEMVE	42.000	50
sp|A6MGY1|VKT7_DEMVE	42.000	50
sp|C0HLA6|MAMB3_DENPO	46.000	50
sp|C0HLA7|MAMB4_DENVI	46.000	50
sp|P49223|SPIT3_HUMAN	40.816	49
sp|P84875|PCPI_SABMA	48.000	50
sp|P84875|PCPI_SABMA	45.098	51
sp|P84875|PCPI_SABMA	37.500	48
sp|B6ZIW0|KUN_HAELO	52.000	50
sp|B6ZIW0|KUN_HAELO	43.182	44
sp|P81902|CSTI_BOMMO	46.939	49
sp|C0HK74|3CPI_HETMG	50.000	48
sp|P0DMJ5|VKT2E_RADCR	50.000	48
sp|Q589G4|VKT19_ANOSM	42.857	49
sp|Q96NZ8|WFKN1_HUMAN	46.939	49
sp|Q96NZ8|WFKN1_HUMAN	33.962	53
sp|D2Y488|VKT1A_CONCL	44.000	50
sp|C0HMC7|KUN_HAEDO	53.061	49
sp|C0HMC7|KUN_HAEDO	43.182	44
sp|O93279|A4_TAKRU	50.000	44
sp|C0HLA5|MAMB2_DENVI	44.000	50
sp|C0HLA8|MAMB5_DENJA	44.000	50
sp|P0DV06|VKT2P_RADCR	45.833	48
sp|W4VSH9|VKT1_TRILK	50.000	50
sp|W4VSH9|VKT1_TRILK	40.000	45
sp|P0DN10|VKT6_ANEVI	44.000	50
sp|C0HJF3|VKT2D_RADCR	47.917	48
sp|C0HLA9|MAMB6_DENVI	44.000	50
sp|A0A1Z0YU59|MAMB1_DENAN	42.000	50
sp|P16044|IBPI_TACTR	43.750	48
sp|P0DN17|VKTD_ANEVI	44.000	50
sp|P0DN09|VKT5_ANEVI	44.000	50
sp|P15989|CO6A3_CHICK	45.455	44
sp|F8J2F5|VKT87_DRYCN	41.176	51
sp|D8KY58|VKT_BOMTE	42.000	50
sp|B5M0W4|SV66_SIMVI	47.826	46
sp|F8J2F3|VKT28_DRYCN	43.137	51
sp|Q6NUX0|WFKN_DANRE	41.509	53
sp|Q6NUX0|WFKN_DANRE	40.426	47
sp|P0DN11|VKT7_ANEVI	44.000	50
sp|Q9WU03|SPIT2_MOUSE	44.681	47
sp|Q9WU03|SPIT2_MOUSE	46.809	47
sp|Q8WPI2|KUNIH_RHIMP	46.000	50
sp|Q8WPI2|KUNIH_RHIMP	40.909	44
sp|P81162|CRPTI_RHIMP	40.000	45
sp|P0DMX0|VKT3_ANTAF	48.980	49
sp|P10831|ISC1_BOMMO	47.727	44
sp|Q6T6S5|VKT2_BITGA	44.898	49
sp|P10280|VKT52_ANESU	44.000	50
sp|P19761|TFPI1_RABIT	44.000	50
sp|P19761|TFPI1_RABIT	43.750	48
sp|P19761|TFPI1_RABIT	40.909	44
sp|P0DN14|VKTA_ANEVI	42.000	50
sp|Q7LZE3|VKTHE_DENAN	44.898	49
sp|P00984|VKTE_DENPO	44.898	49
sp|A8Y7P5|VKTB5_DABSI	46.000	50
sp|P0DMJ4|VKTI3_ANTFU	42.000	50
sp|A8Y7P1|VKTB1_DABSI	46.000	50
sp|P81547|VKT1_ANTAF	42.857	49
sp|P0DN08|VKT53_ANEVI	44.000	50
sp|Q7LZS8|VKTRE_DENAN	44.898	49
sp|P0DMJ6|VKT12_DENAN	44.898	49
sp|P00991|VKT1_VIPAA	46.000	50
sp|B5KL39|VKT2_AUSSU	42.000	50
sp|Q2UY11|COSA1_MOUSE	45.455	44
sp|Q2ES46|VKT5_DABRR	41.176	51
sp|B5KF94|VKT1_HOPST	42.000	50
sp|P0DMJ2|VKT3C_ACTEQ	42.857	49
sp|O35536|TFPI2_MOUSE	46.000	50
sp|O35536|TFPI2_MOUSE	35.417	48
sp|Q8WPI3|KUNIG_RHIMP	44.000	50
sp|Q8WPI3|KUNIG_RHIMP	40.909	44
sp|P00994|ISIK_HELPO	40.000	50
sp|O76840|PPN1_CAEEL	42.000	50
sp|O76840|PPN1_CAEEL	46.000	50
sp|O76840|PPN1_CAEEL	43.182	44
sp|O76840|PPN1_CAEEL	43.182	44
sp|O76840|PPN1_CAEEL	45.455	44
sp|O76840|PPN1_CAEEL	36.000	50
sp|O76840|PPN1_CAEEL	38.776	49
sp|O76840|PPN1_CAEEL	35.849	53
sp|O76840|PPN1_CAEEL	45.714	35
sp|O76840|PPN1_CAEEL	36.364	44
sp|O76840|PPN1_CAEEL	41.176	51
sp|E7FL11|VKT1_PSERS	42.000	50
sp|C1IC50|VKT1_WALAE	42.857	49
sp|O95925|EPPI_HUMAN	42.857	49
sp|Q6ITB9|VKT3_PSEAU	42.000	50
sp|Q2ES48|VKT3_DABRR	42.857	49
sp|P0DQQ9|VKT1_PALCA	43.750	48
sp|Q9BDL1|EPPI_MACMU	44.898	49
sp|Q9TWF9|VKT2_ANESU	42.000	50
sp|P10832|ISC2_BOMMO	45.455	44
sp|F5GTK6|VKGUA_SIMGU	40.000	50
sp|Q2ES47|VKT4_DABRR	41.176	51
sp|P00976|IBPC_BOVIN	38.776	49
sp|P00985|VKT2_HEMHA	40.816	49
sp|E7FL12|VKT2_PSERS	41.176	51
sp|A8Y7N6|VKTC3_DABSI	42.857	49
sp|P0DN12|VKT8_ANEVI	42.000	50
sp|A8Y7N7|VKTC4_DABSI	42.857	49
sp|B5L5Q8|VKT5_PSEAU	41.176	51
sp|B5L5R4|IVBI4_NOTSC	40.000	50
sp|Q90WA1|VKT1_PSETT	40.000	50
sp|B5KL32|VKT3_NOTSC	41.176	51
sp|P0DJ47|VKT12_OLIMR	42.857	49
sp|P00990|VKT2_DABSI	43.137	51
sp|Q6ITB8|VKT4_PSEAU	40.000	50
sp|B5L5R0|IVBI4_PSEPO	40.000	50
sp|B5G6G6|VKT2_PSEPO	40.000	50
sp|Q9TWG0|VKT1_ANESU	40.000	50
sp|P48307|TFPI2_HUMAN	42.857	49
sp|P48307|TFPI2_HUMAN	36.364	44
sp|P0DMJ1|VKT39_CYRSC	43.137	51
sp|B5L5R6|IVBI3_HOPST	44.000	50
sp|Q6ITB5|VKT1_OXYMI	40.000	50
sp|Q6ITB3|VKT1_NOTSC	40.000	50
sp|B5KL33|VKT2_TROCA	40.000	50
sp|E5AJX3|VKT_VIPNI	40.816	49
sp|Q868Z9|PPN_DROME	42.000	50
sp|Q868Z9|PPN_DROME	42.857	49
sp|Q868Z9|PPN_DROME	44.898	49
sp|Q868Z9|PPN_DROME	43.182	44
sp|Q868Z9|PPN_DROME	38.776	49
sp|Q868Z9|PPN_DROME	38.000	50
sp|Q868Z9|PPN_DROME	36.735	49
sp|Q868Z9|PPN_DROME	37.500	48
sp|Q868Z9|PPN_DROME	36.735	49
sp|Q868Z9|PPN_DROME	36.735	49
sp|Q868Z9|PPN_DROME	38.462	52
sp|Q868Z9|PPN_DROME	34.694	49
sp|Q90WA0|VKT2_PSETT	40.000	50
sp|Q6ITB6|VKT2_OXYSC	40.000	50
sp|Q6ITB4|VKT2_OXYMI	40.000	50
sp|P0DMW6|VKT3A_ACTEQ	42.857	49
sp|P86959|KCP1_PINMA	47.059	51
sp|Q6ITC1|VKTH1_PSEAU	40.000	50
sp|O73683|A4_DICFU	48.889	45
sp|B5KL31|VKT3_PSEPO	40.000	50
sp|Q964Q0|IXOSP_IXOSC	44.000	50
sp|B5KF95|VKT1_CRYNI	36.000	50
sp|Q4KUS1|WFDC8_MOUSE	40.816	49
sp|C0HJU6|VKT2F_RADCR	43.750	48
sp|P0DJ76|VKT4_CYRSC	48.000	50
sp|B5KL36|VKT5_CRYNI	36.000	50
sp|Q2UY09|COSA1_HUMAN	43.182	44
sp|P11424|IMAP_DROFU	45.238	42
sp|P82968|MCPI_MELCP	46.000	50
sp|G3LH89|VKT_BOMIG	38.776	49
sp|Q6ITB1|VKT_PSEPO	40.000	50
sp|Q6ITB0|VKT1_TROCA	40.000	50
sp|P0DN06|VKT1A_ANEVI	40.000	50
sp|P00992|VKT3_VIPAA	42.857	49
sp|Q9GP15|IRCPI_IXORI	46.939	49
sp|Q90W96|VKT6_PSETT	38.000	50
sp|B5KL30|VKT4_OXYSC	40.000	50
sp|A6MFL1|VKT1_DEMVE	38.000	50
sp|P0DMW7|VKT3B_ACTEQ	42.857	49
sp|P0DN18|VKTE_ANEVI	42.000	50
sp|I2G9B4|VKT_MACLN	40.816	49
sp|O43291|SPIT2_HUMAN	42.553	47
sp|O43291|SPIT2_HUMAN	47.826	46
sp|M9PE65|AXO_DROME	40.000	45
sp|D4A2Z2|EPPI_RAT	44.000	50
sp|B2BS84|VKT_AUSLA	41.667	48
sp|B2BS84|VKT_AUSLA	45.833	48
sp|A6MFL4|VKT4_DEMVE	36.000	50
sp|O95428|PPN_HUMAN	46.939	49
sp|B2ZBB6|VKT11_CYRSC	46.000	50
sp|A8Y7N9|VKTC6_DABSI	39.216	51
sp|B5L5M7|IVBI_AUSSU	40.000	50
sp|P00983|MAMB7_DENPO	40.816	49
sp|Q8T3S7|VKT1_ARAVE	44.898	49
sp|B5KL35|VKT4_CRYNI	36.000	50
sp|B5KF96|VKT2_CRYNI	36.000	50
sp|Q02445|TFPI1_RAT	45.455	44
sp|Q02445|TFPI1_RAT	40.909	44
sp|Q02445|TFPI1_RAT	35.417	48
sp|A8Y7P6|VKTB6_DABSI	41.176	51
sp|P0C8W3|VKT11_HOFGE	40.816	49
sp|Q2ES50|VKT1_DABRR	41.176	51
sp|A8Y7P0|VKTB7_DABSI	41.176	51
sp|Q9EPX2|PPN_MOUSE	46.939	49
sp|Q9DA01|EPPI_MOUSE	42.000	50
sp|Q9TWF8|VKT3_ANESU	42.000	50
sp|P0DN13|VKT9_ANEVI	40.000	50
sp|B5KL41|VKT4_AUSSU	37.255	51
sp|Q6ITB2|VKT2_NOTSC	40.000	50
sp|P0DN07|VKT4_ANEVI	42.000	50
sp|A8Y7N8|VKTC5_DABSI	41.176	51
sp|A8Y7P2|VKTB2_DABSI	41.176	51
sp|P0C5J5|WFKN1_RAT	40.816	49
sp|P0C5J5|WFKN1_RAT	34.091	44
sp|B5KL40|VKT3_AUSSU	38.000	50
sp|B5KL27|VKT3_OXYMI	38.000	50
sp|Q6ITB7|VKT1_OXYSC	37.255	51
sp|Q8R0S6|WFKN1_MOUSE	38.776	49
sp|Q8R0S6|WFKN1_MOUSE	34.091	44
sp|B7S4N9|VKT_OXYSC	42.000	50
sp|A8Y7N4|VKTC1_DABSI	41.176	51
sp|H6VC05|VKTK1_DABRR	41.176	51
sp|F8J2F4|VKT16_DRYCN	37.255	51
sp|F6ULY1|WFC6B_MOUSE	42.000	50
sp|B5KL29|VKT3_OXYSC	38.000	50
sp|Q28201|TKDP1_BOVIN	39.583	48
sp|O54819|TFPI1_MOUSE	43.182	44
sp|O54819|TFPI1_MOUSE	36.364	44
sp|O54819|TFPI1_MOUSE	35.417	48
sp|P24541|VKT_ERIMA	42.857	49
sp|A7X3V4|VKT1_TELDH	38.000	50
sp|Q8IUA0|WFDC8_HUMAN	42.857	49
sp|C0HLB2|VKT_PSEPC	42.857	49
sp|Q7YRQ8|TFPI2_BOVIN	44.898	49
sp|Q7YRQ8|TFPI2_BOVIN	35.417	48
sp|Q7YRQ8|TFPI2_BOVIN	28.000	50
sp|P0DMJ3|VKTI1_ANTFU	38.776	49
sp|Q29100|UPTI_PIG	43.750	48
sp|F8J2F6|VKT18_DRYCN	37.255	51
sp|H2A0N1|KCP2_PINMG	46.154	52
sp|H2A0N1|KCP2_PINMG	37.736	53
sp|A8Y7N5|VKTC2_DABSI	44.000	50
sp|A0A6P8HC43|ATPI1_ACTTE	42.857	49
sp|A0A6P8HC43|ATPI1_ACTTE	42.000	50
sp|A0A6P8HC43|ATPI1_ACTTE	42.857	49
sp|A0A6P8HC43|ATPI1_ACTTE	45.098	51
sp|P68425|VKT1A_CYRSC	44.000	50
sp|B6RLX2|VKTCT_OPHHA	42.000	50
sp|Q8AY42|VKTB_BUNCA	41.176	51
sp|P10646|TFPI1_HUMAN	43.182	44
sp|P10646|TFPI1_HUMAN	45.833	48
sp|P10646|TFPI1_HUMAN	38.636	44
sp|B5L5R1|IVBI5_PSEPO	38.000	50
sp|B4ESA3|VKT2L_BUNMU	39.216	51
sp|P0DJ82|VKT27_CYRSC	44.000	50
sp|Q3UW55|WFC6A_MOUSE	44.000	50
sp|A6MFL2|VKT2_DEMVE	36.000	50
sp|H2A0N9|KCP4_PINMG	45.833	48
sp|B2ZBB9|VKTG6_CYRSC	41.176	51
sp|P0DJ78|VKT6_CYRSC	42.000	50
sp|P0DJ75|VKT2_CYRSC	42.000	50
sp|B2ZBB8|VKT33_CYRSC	42.000	50
sp|P16344|VKT2A_RADCR	43.750	48
sp|P0DJ80|VKT22_CYRSC	41.176	51
sp|H6VC06|VKTK2_DABRR	42.000	50
sp|Q8AY43|VKTA_BUNCA	39.216	51
sp|P00986|VKT2_NAJNI	38.776	49
sp|E7FL13|VKT3_PSERS	38.000	50
sp|C1IC53|VKT4_WALAE	38.000	50
sp|P0DJ73|VKT74_CYRHA	42.857	49
sp|D2Y2Q8|VKTQ1_CYRHA	44.000	50
sp|D2Y2F7|VKTF1_CYRHA	42.857	49
sp|B5L5Q6|VKT5_OXYMI	39.130	46
sp|B4ESA4|VKT3L_BUNMU	39.216	51
sp|A8Y7P3|VKTB3_DABSI	40.000	50
sp|A6MGX9|VKT5_DEMVE	36.000	50
sp|P0DJ70|VKT53_CYRHA	42.857	49
sp|D2Y2C2|VKTA1_CYRHA	42.857	49
sp|P0DJ68|VKT45_CYRHA	42.857	49
sp|D2Y2G2|VKTK1_CYRHA	42.857	49
sp|Q9R097|SPIT1_MOUSE	42.308	52
sp|Q9R097|SPIT1_MOUSE	38.636	44
sp|O62845|ELAC_NOTEU	40.816	49
sp|B5L5R7|VKT2_HOPST	36.000	50
sp|Q8AY41|VKTC_BUNCA	39.216	51
sp|B2ZBC0|VKTG9_CYRSC	41.176	51
sp|P00982|VKTHD_DENAN	38.000	50
sp|Q6ITC0|VKT2_PSEAU	38.000	50
sp|Q29428|TKDP1_SHEEP	37.500	48
sp|D2Y2F8|VKTG1_CYRHA	42.857	49
sp|P26228|SBPI_SARBU	39.583	48
sp|B5KL34|VKT3_CRYNI	34.000	50
sp|P0DJ65|VKT7_CYRHA	42.857	49
sp|D2Y2F9|VKTH1_CYRHA	42.857	49
sp|P07481|ISC3_BOMMO	35.088	57
sp|H2A0M2|KCP1_PINMG	40.000	50
sp|P0DJ64|VKT31_CYRHA	42.857	49
sp|D2Y2F3|VKT2_CYRHA	42.857	49
sp|Q63870|CO7A1_MOUSE	40.385	52
sp|P0DJ67|VKT34_CYRHA	42.857	49
sp|D2Y2F4|VKTC1_CYRHA	42.857	49
sp|Q28864|TFPI1_MACMU	43.182	44
sp|Q28864|TFPI1_MACMU	45.833	48
sp|Q28864|TFPI1_MACMU	38.636	44
sp|P00974|BPT1_BOVIN	40.816	49
sp|O43278|SPIT1_HUMAN	40.385	52
sp|O43278|SPIT1_HUMAN	42.500	40
sp|P0DQR1|VKT3_PALCA	37.500	48
sp|Q5VJG2|KUNI_AMBHE	43.396	53
sp|Q5VJG2|KUNI_AMBHE	55.769	52
sp|P00975|IBPS_BOVIN	38.776	49
sp|Q90W99|VKT3_PSETT	40.000	50
sp|P0DJ50|VKT31_OLIMR	35.294	51
sp|Q02388|CO7A1_HUMAN	39.623	53
sp|P0DQR0|VKT2_PALCA	36.735	49
sp|P0DJ71|VKT35_CYRHA	42.857	49
sp|D2Y2F5|VKT4_CYRHA	42.857	49
sp|Q90W98|VKT4_PSETT	36.000	50
sp|B5KL28|VKT4_OXYMI	36.000	50
sp|D2Y2Q1|VKTL1_CYRHA	42.000	50
sp|D2Y2Q9|VKTR1_CYRHA	42.000	50
sp|P04815|BPT2_BOVIN	38.776	49
sp|A8Y7P4|VKTB4_DABSI	40.000	50
sp|C1IC52|VKT2_WALAE	40.816	49
sp|D2Y2G1|VKTJ1_CYRHA	42.000	50
sp|P0DJ84|VKT40_CYRSC	42.000	50
sp|B5KL37|VKT6_CRYNI	34.000	50
sp|Q8T0W4|VKT2_PIMHY	48.889	45
sp|P86862|VKT1_ANTEL	38.776	49
sp|P0DJ72|VKT68_CYRHA	40.816	49
sp|D2Y2F6|VKTE1_CYRHA	40.816	49
sp|P0DJ85|VKT45_CYRSC	40.000	50
sp|D2Y2Q7|VKTP1_CYRHA	42.857	49
sp|D2Y2Q5|VKTN1_CYRHA	42.000	50
sp|D2Y2Q2|VKTM1_CYRHA	42.000	50
sp|B2KTG1|VKT_BUNFA	36.735	49
sp|C1IC51|VKT3_WALAE	40.816	49
sp|P81548|VKT2_ANTAF	34.694	49
sp|P00993|IBP_CARCR	38.776	49
sp|Q29143|ELAC_TRIVU	40.816	49
sp|P20229|VKTTI_NAJNA	36.735	49
sp|Q8AY44|VKTH7_BUNCA	38.776	49
sp|Q75S50|VKTH3_BUNCA	38.776	49
sp|P0DKL8|VKT_VIPRE	38.776	49
sp|Q03610|YN81_CAEEL	38.462	39
sp|Q03610|YN81_CAEEL	35.417	48
sp|Q03610|YN81_CAEEL	44.118	34
sp|Q03610|YN81_CAEEL	33.333	36
sp|A7X3V7|VKT1_PHIOL	38.776	49
sp|P25660|VKT9_BUNFA	39.216	51
sp|Q90W97|VKT5_PSETT	35.849	53
sp|P0DN16|VKTC_ANEVI	42.857	49
sp|B2KTG2|VKTH1_BUNFA	38.298	47
sp|P0DJ81|VKT24_CYRSC	40.000	50
sp|D5J9Q8|VKT5_BUNFL	38.000	50
sp|B5L5Q3|IVBS5_OXYSC	36.957	46
sp|P0DN15|VKTB_ANEVI	42.857	49
sp|Q8AY46|VKTHB_BUNCA	38.298	47
sp|Q1RPT0|VKTH4_BUNMU	41.026	39
sp|P00989|VKTH2_BUNMU	41.026	39
sp|Q8AY45|VKBH2_BUNCA	41.026	39
sp|B5L5Q1|VKT7_PSETT	35.849	53
sp|D2Y2G0|VKTI1_CYRHA	40.816	49
sp|B5KL38|VKT1_AUSSU	36.000	50
sp|B1B5I8|VKT3_STIHA	42.857	42
sp|B2KTG3|VKTH2_BUNFA	39.583	48
sp|C0HLB0|MAMB9_DENVI	34.694	49
sp|D2Y2Q6|VKTO1_CYRHA	40.000	50
sp|C8YJ95|KUN3_TABYA	38.776	49
sp|C1IBY4|KUN1_TABYA	38.776	49
sp|Q1RPS9|VKTH5_BUNMU	37.255	51
sp|Q5ZPJ7|VKT_NAJAT	36.364	44
sp|Q1RPS8|VKTH6_BUNMU	37.255	51
sp|A5X2X1|VKT_SISCA	34.000	50
sp|P81658|VKTHC_DENAN	35.417	48
sp|C8YJ94|KUN2_TABYA	36.735	49
sp|Q7Z1K3|ANIS1_ANISI	42.857	35
sp|P00980|VKTHA_DENAN	36.735	49
sp|Q7T2Q6|VKTHB_BUNFL	32.000	50
sp|G9I929|VKTA_MICTN	34.615	52
sp|H2A0P0|KCP5_PINMG	39.474	38
sp|H2A0P0|KCP5_PINMG	45.714	35
sp|P82966|VKTCI_OPHHA	38.776	49
sp|Q9W728|VKTH3_BUNMU	36.170	47
sp|P00987|VKTH1_BUNMU	36.170	47
sp|P0DV05|VKT2O_RADCR	52.083	48
sp|P00979|VKTH1_DENPO	36.735	49
sp|C0LNR2|VKT_VESBI	44.118	34
sp|P19859|VKTCI_NAJNA	31.818	44
sp|P0DJ46|VKT21_LYCMC	34.783	46
sp|C8YJ97|KUN5_TABYA	35.593	59
sp|P0DJ45|VKT22_LYCMC	35.556	45
sp|P0DJ48|VKT23_LYCMC	35.556	45
sp|C0HK72|3API_HETMG	50.000	48
sp|C0HJU7|VKT2G_RADCR	50.000	48
sp|A0A1D0BND9|TD1A_HADIN	50.000	30
sp|A0A1D0BND9|TD1A_HADIN	36.957	46
sp|Q0PL65|VKTH7_BUNMU	33.333	42
sp|B4ESA2|VKT1L_BUNMU	33.333	42
sp|P86963|KCP2_PINMA	38.095	42
sp|C8YJ96|KUN4_TABYA	34.694	49
sp|P0CY85|VKTB1_CONBU	30.000	50
sp|P0DJ49|VKT24_OLIMR	28.571	49
sp|P0DJ79|VKT13_CYRSC	44.000	50
